Patient ID,HeartDisease,BMI,Smoking,AlcoholDrinking,Stroke,PhysicalHealth,MentalHealth,DiffWalking,Gender,AgeCategory,Race,Diabetic,PhysicalActivity,GenHealth,SleepTime,Asthma,KidneyDisease,SkinCancer,Age,DateOfLastUpdate,City,State,Country,PrescribedMedication,MedicalHistory
1,Yes,35.3,Yes,Yes,Yes,20,15,Yes,Female,45-54,Other,No,No,Fair,5,No,Yes,No,22,14/10/2024,New York,IL,USA,Medication A,No prior conditions
2,Yes,35.2,Yes,Yes,Yes,20,29,No,Female,25-34,Other,No,Yes,Good,8,No,No,Yes,24,27/09/2024,Chicago,IL,USA,None,Diabetes
3,No,18.9,No,Yes,Yes,2,1,Yes,Male,65+,Other,No,Yes,Very good,6,No,Yes,Yes,80,24/09/2024,Chicago,CA,USA,Medication A,None
4,Yes,31.7,Yes,Yes,Yes,15,21,Yes,Female,18-24,Asian,Yes,Yes,Fair,8,Yes,No,No,44,09/10/2024,Houston,NY,USA,Medication A,Hypertension
5,Yes,35.4,No,No,No,28,22,No,Male,55-64,Hispanic,No,No,Poor,7,No,Yes,No,75,19/10/2024,Los Angeles,TX,USA,None,Hypertension
6,Yes,34.4,Yes,Yes,No,28,10,Yes,Female,18-24,Black,No,Yes,Very good,5,No,Yes,No,34,21/10/2024,Houston,CA,USA,None,None
7,Yes,25.6,Yes,Yes,No,17,22,No,Male,35-44,Asian,No,No,Excellent,5,No,No,No,51,24/09/2024,New York,IL,USA,Medication C,None
8,Yes,39.9,Yes,Yes,Yes,6,11,Yes,Female,55-64,Hispanic,No,No,Excellent,7,No,No,No,73,15/10/2024,Houston,NY,USA,None,Diabetes
9,No,19.9,No,Yes,Yes,0,1,No,Female,55-64,Asian,No,No,Fair,7,Yes,Yes,No,33,16/10/2024,New York,IL,USA,Medication B,Hypertension
10,Yes,37.8,Yes,Yes,No,18,15,No,Female,45-54,Black,No,No,Very good,5,Yes,No,No,63,09/10/2024,Los Angeles,AZ,USA,None,Hypertension
11,Yes,37.0,Yes,Yes,No,23,24,Yes,Female,65+,Black,No,No,Fair,6,No,Yes,No,45,27/09/2024,Phoenix,CA,USA,Medication A,Hypertension
12,Yes,26.3,No,Yes,No,19,28,No,Female,18-24,Hispanic,No,No,Excellent,5,Yes,Yes,No,50,09/10/2024,New York,NY,USA,Medication A,Hypertension
13,Yes,25.3,Yes,No,No,20,23,Yes,Male,45-54,White,No,No,Fair,5,No,No,No,81,12/10/2024,Phoenix,AZ,USA,Medication C,No prior conditions
14,Yes,32.1,Yes,Yes,Yes,30,30,No,Female,65+,Black,Yes,No,Very good,5,No,Yes,Yes,30,01/10/2024,Chicago,AZ,USA,Medication A,Diabetes
15,Yes,36.5,Yes,Yes,Yes,10,10,Yes,Female,25-34,Black,No,No,Good,8,No,No,No,66,27/09/2024,Houston,TX,USA,Medication B,No prior conditions
16,Yes,36.6,No,No,No,7,18,No,Male,55-64,Black,Yes,No,Excellent,7,Yes,No,Yes,68,01/10/2024,Houston,NY,USA,Medication C,Hypertension
17,No,22.9,Yes,Yes,No,0,1,Yes,Male,45-54,Black,No,Yes,Good,5,No,Yes,Yes,62,17/10/2024,Phoenix,TX,USA,None,None
18,Yes,32.0,Yes,Yes,No,18,16,No,Male,25-34,White,No,Yes,Very good,5,No,No,No,83,18/10/2024,Chicago,AZ,USA,None,None
19,No,23.6,Yes,No,No,3,1,No,Female,18-24,Other,No,Yes,Excellent,8,Yes,Yes,No,70,12/10/2024,Chicago,NY,USA,None,Hypertension
20,No,23.2,Yes,Yes,Yes,2,3,Yes,Male,18-24,Other,No,Yes,Fair,4,Yes,No,No,82,06/10/2024,Chicago,NY,USA,Medication A,No prior conditions
21,Yes,26.4,Yes,Yes,Yes,27,7,Yes,Male,35-44,Black,Yes,Yes,Fair,6,No,No,Yes,53,26/09/2024,New York,NY,USA,Medication A,No prior conditions
22,Yes,32.8,No,Yes,Yes,23,17,Yes,Male,25-34,White,No,No,Fair,5,Yes,Yes,Yes,24,08/10/2024,Chicago,NY,USA,Medication B,Diabetes
23,No,19.9,Yes,Yes,Yes,3,0,No,Female,25-34,Asian,No,Yes,Excellent,4,No,No,Yes,49,28/09/2024,Phoenix,TX,USA,None,None
24,No,19.5,Yes,Yes,No,4,4,No,Female,45-54,White,No,Yes,Excellent,6,Yes,Yes,Yes,27,26/09/2024,Phoenix,IL,USA,Medication B,Hypertension
25,No,24.6,No,No,No,0,3,Yes,Male,65+,Hispanic,Yes,Yes,Fair,5,No,Yes,Yes,52,22/09/2024,Los Angeles,NY,USA,None,No prior conditions
26,Yes,36.4,Yes,Yes,Yes,19,30,Yes,Female,55-64,Asian,Yes,No,Fair,4,No,Yes,Yes,65,12/10/2024,Houston,CA,USA,Medication C,No prior conditions
27,Yes,32.9,No,No,No,11,13,Yes,Male,65+,Other,No,Yes,Good,7,No,No,No,33,23/09/2024,Houston,NY,USA,Medication B,Diabetes
28,No,23.4,Yes,Yes,No,4,4,Yes,Male,65+,Other,No,Yes,Excellent,8,No,Yes,Yes,56,30/09/2024,Los Angeles,TX,USA,Medication B,None
29,Yes,38.0,No,Yes,No,5,27,No,Female,55-64,White,No,Yes,Fair,5,Yes,Yes,Yes,72,02/10/2024,Phoenix,NY,USA,Medication A,Hypertension
30,Yes,28.5,Yes,No,Yes,20,15,Yes,Male,35-44,Other,Yes,No,Very good,5,Yes,No,No,84,17/10/2024,Phoenix,IL,USA,Medication A,None
31,No,19.9,Yes,Yes,No,4,0,No,Female,65+,White,No,Yes,Fair,4,Yes,No,No,33,10/10/2024,Phoenix,AZ,USA,Medication B,Hypertension
32,Yes,38.9,No,Yes,No,22,27,No,Male,35-44,White,No,Yes,Excellent,6,No,No,Yes,81,30/09/2024,Houston,TX,USA,Medication C,No prior conditions
33,No,20.6,Yes,No,Yes,4,4,Yes,Female,35-44,White,No,No,Fair,5,No,Yes,No,62,18/10/2024,Chicago,NY,USA,Medication A,No prior conditions
34,No,20.3,Yes,Yes,Yes,1,0,Yes,Female,25-34,White,No,Yes,Good,4,Yes,No,Yes,33,25/09/2024,Houston,NY,USA,None,Hypertension
35,No,21.4,No,Yes,Yes,3,4,Yes,Male,18-24,White,Yes,Yes,Poor,7,No,Yes,Yes,44,10/10/2024,Los Angeles,NY,USA,Medication B,None
36,Yes,25.4,No,No,Yes,28,12,Yes,Female,18-24,Hispanic,No,No,Excellent,8,Yes,No,No,19,05/10/2024,Chicago,AZ,USA,Medication A,None
37,No,21.7,Yes,No,No,0,0,No,Male,45-54,Hispanic,No,Yes,Excellent,4,No,Yes,No,43,15/10/2024,New York,NY,USA,Medication A,Diabetes
38,Yes,38.8,Yes,No,Yes,16,23,Yes,Male,55-64,Hispanic,No,Yes,Poor,5,No,Yes,Yes,34,06/10/2024,New York,IL,USA,Medication C,Hypertension
39,No,21.8,Yes,Yes,No,2,4,Yes,Female,55-64,White,No,No,Fair,7,No,Yes,No,50,07/10/2024,Phoenix,TX,USA,Medication B,None
40,Yes,31.6,Yes,No,Yes,19,9,No,Female,45-54,Other,Yes,No,Good,5,Yes,Yes,No,81,23/09/2024,Chicago,TX,USA,None,No prior conditions
41,No,23.6,Yes,Yes,No,4,1,Yes,Male,25-34,Asian,No,Yes,Fair,8,Yes,No,No,84,09/10/2024,Houston,NY,USA,Medication C,None
42,No,22.3,Yes,Yes,No,2,0,No,Female,18-24,Hispanic,Yes,Yes,Poor,4,Yes,No,No,79,06/10/2024,Los Angeles,AZ,USA,Medication B,None
43,Yes,33.3,Yes,No,Yes,17,19,No,Male,35-44,Black,No,No,Good,4,No,Yes,No,20,13/10/2024,Phoenix,TX,USA,Medication B,Diabetes
44,Yes,35.1,Yes,No,No,5,23,No,Male,18-24,Black,No,No,Very good,5,Yes,No,Yes,29,03/10/2024,Phoenix,CA,USA,Medication A,None
45,Yes,27.2,Yes,Yes,No,20,8,No,Male,45-54,White,Yes,Yes,Very good,6,No,No,Yes,80,02/10/2024,Chicago,AZ,USA,Medication B,Diabetes
46,Yes,29.0,Yes,Yes,Yes,6,17,No,Male,18-24,Asian,No,Yes,Good,5,No,No,No,18,08/10/2024,Los Angeles,AZ,USA,None,No prior conditions
47,No,23.1,Yes,No,Yes,3,2,No,Female,35-44,Hispanic,No,Yes,Very good,6,Yes,Yes,Yes,51,19/10/2024,New York,NY,USA,Medication A,No prior conditions
48,Yes,39.0,Yes,No,No,6,25,No,Male,65+,White,Yes,Yes,Good,7,No,No,No,25,27/09/2024,Phoenix,TX,USA,Medication A,No prior conditions
49,Yes,28.8,Yes,No,Yes,18,9,No,Male,65+,Other,No,Yes,Fair,8,Yes,Yes,No,53,08/10/2024,Phoenix,TX,USA,None,No prior conditions
50,Yes,37.9,Yes,Yes,Yes,12,17,No,Male,55-64,Asian,No,No,Fair,4,No,Yes,No,37,26/09/2024,Chicago,TX,USA,Medication C,No prior conditions
51,No,20.6,No,No,Yes,2,3,No,Female,45-54,Other,No,No,Poor,5,No,No,No,23,10/10/2024,Phoenix,TX,USA,None,None
52,No,22.7,No,No,Yes,4,2,Yes,Male,25-34,Other,No,No,Fair,8,Yes,No,No,67,02/10/2024,Chicago,AZ,USA,Medication A,Hypertension
53,No,20.8,Yes,Yes,Yes,1,0,No,Male,18-24,Black,No,No,Fair,7,Yes,Yes,No,49,16/10/2024,Los Angeles,AZ,USA,Medication A,No prior conditions
54,No,24.7,Yes,Yes,No,0,2,No,Female,18-24,Hispanic,No,No,Poor,7,No,Yes,Yes,25,08/10/2024,New York,NY,USA,Medication A,None
55,Yes,25.9,Yes,No,Yes,12,25,Yes,Male,25-34,White,No,No,Excellent,7,No,Yes,Yes,68,01/10/2024,New York,IL,USA,None,Diabetes
56,No,24.2,Yes,Yes,No,2,2,No,Female,25-34,Other,No,Yes,Excellent,8,No,No,Yes,58,08/10/2024,Phoenix,NY,USA,Medication B,No prior conditions
57,No,22.8,No,Yes,No,2,3,No,Male,65+,Other,No,Yes,Good,7,Yes,Yes,No,48,19/10/2024,Phoenix,TX,USA,Medication B,Hypertension
58,Yes,29.1,Yes,Yes,No,21,19,No,Female,35-44,White,Yes,No,Excellent,5,Yes,Yes,Yes,40,20/10/2024,Chicago,AZ,USA,Medication C,None
59,No,18.5,No,No,Yes,3,0,Yes,Male,18-24,Asian,No,No,Excellent,5,Yes,No,No,27,05/10/2024,Los Angeles,IL,USA,Medication B,None
60,Yes,35.7,Yes,No,Yes,26,21,Yes,Male,45-54,White,Yes,No,Excellent,5,Yes,Yes,No,47,11/10/2024,Chicago,AZ,USA,Medication B,None
61,Yes,31.2,Yes,No,Yes,13,17,Yes,Female,18-24,White,Yes,No,Fair,8,Yes,No,Yes,18,07/10/2024,Houston,CA,USA,Medication A,Diabetes
62,Yes,26.0,No,No,No,25,22,Yes,Male,35-44,Hispanic,Yes,No,Excellent,7,Yes,No,No,63,30/09/2024,Phoenix,NY,USA,Medication A,Hypertension
63,Yes,27.3,Yes,No,No,7,27,No,Male,45-54,Black,No,Yes,Fair,5,Yes,No,No,66,14/10/2024,New York,NY,USA,None,No prior conditions
64,No,18.6,No,No,No,2,0,No,Male,45-54,Other,No,Yes,Fair,5,No,Yes,No,40,01/10/2024,New York,NY,USA,Medication A,Diabetes
65,No,19.0,No,Yes,No,1,4,No,Female,45-54,Black,No,No,Poor,8,No,No,Yes,73,30/09/2024,Chicago,AZ,USA,Medication A,No prior conditions
66,No,24.4,Yes,Yes,No,1,1,Yes,Female,65+,Asian,Yes,No,Good,6,No,No,No,74,29/09/2024,Chicago,NY,USA,Medication C,Hypertension
67,Yes,38.7,No,Yes,Yes,6,9,Yes,Female,35-44,Other,Yes,No,Poor,6,No,Yes,No,42,17/10/2024,Phoenix,AZ,USA,Medication B,None
68,No,19.9,No,No,Yes,4,0,No,Male,18-24,Black,No,No,Very good,8,Yes,Yes,No,40,22/09/2024,Chicago,CA,USA,Medication A,No prior conditions
69,Yes,26.7,Yes,No,No,24,15,Yes,Female,65+,Asian,No,No,Fair,7,Yes,Yes,Yes,19,06/10/2024,New York,AZ,USA,Medication B,None
70,Yes,35.1,No,Yes,Yes,29,7,No,Male,55-64,Hispanic,Yes,Yes,Excellent,6,No,No,Yes,81,05/10/2024,New York,CA,USA,Medication A,None
71,Yes,36.6,Yes,No,No,12,30,Yes,Male,45-54,Asian,No,No,Excellent,6,No,Yes,No,55,01/10/2024,New York,AZ,USA,Medication B,No prior conditions
72,No,22.1,No,No,No,2,3,No,Male,25-34,Black,No,Yes,Very good,4,No,Yes,No,67,01/10/2024,Houston,IL,USA,Medication B,No prior conditions
73,No,24.3,Yes,No,No,2,2,No,Male,35-44,White,No,Yes,Good,6,No,No,No,74,05/10/2024,Chicago,IL,USA,Medication A,Hypertension
74,No,19.7,Yes,No,Yes,1,2,No,Male,45-54,Other,No,Yes,Fair,5,No,No,No,45,19/10/2024,Phoenix,TX,USA,None,No prior conditions
75,Yes,28.5,Yes,No,Yes,23,17,No,Female,35-44,Hispanic,Yes,No,Very good,8,Yes,Yes,No,31,12/10/2024,New York,TX,USA,Medication A,Hypertension
76,Yes,35.6,Yes,Yes,Yes,23,16,No,Female,25-34,Black,Yes,No,Very good,8,Yes,Yes,No,23,07/10/2024,Houston,AZ,USA,Medication C,Hypertension
77,No,23.6,No,No,No,1,2,No,Male,45-54,Hispanic,No,No,Very good,6,No,Yes,No,21,08/10/2024,Chicago,TX,USA,Medication C,No prior conditions
78,Yes,30.3,No,No,Yes,15,24,Yes,Male,18-24,Asian,No,Yes,Fair,8,Yes,No,Yes,82,19/10/2024,Los Angeles,CA,USA,Medication B,None
79,No,19.1,Yes,No,Yes,1,3,No,Female,35-44,Black,No,No,Fair,4,No,No,Yes,65,22/09/2024,Phoenix,CA,USA,Medication B,Diabetes
80,No,19.5,No,No,Yes,2,2,Yes,Female,45-54,White,No,No,Fair,5,Yes,Yes,Yes,69,26/09/2024,Phoenix,CA,USA,None,No prior conditions
81,No,18.7,No,No,No,1,2,Yes,Male,45-54,White,No,No,Fair,6,No,No,Yes,22,06/10/2024,Phoenix,NY,USA,None,No prior conditions
82,Yes,25.6,Yes,Yes,Yes,17,14,No,Male,35-44,White,No,Yes,Poor,5,Yes,Yes,No,33,12/10/2024,Phoenix,NY,USA,Medication A,Hypertension
83,No,23.8,No,No,Yes,3,2,Yes,Male,25-34,White,No,No,Very good,5,Yes,No,No,79,17/10/2024,Los Angeles,CA,USA,Medication B,Hypertension
84,Yes,32.3,Yes,Yes,No,18,30,Yes,Male,35-44,Other,No,No,Poor,5,No,No,Yes,23,17/10/2024,Chicago,IL,USA,Medication B,Hypertension
85,Yes,39.3,No,Yes,Yes,27,28,Yes,Male,55-64,Hispanic,Yes,Yes,Good,7,Yes,Yes,No,82,30/09/2024,Chicago,AZ,USA,Medication A,No prior conditions
86,No,24.7,Yes,Yes,No,2,0,Yes,Female,18-24,Black,No,Yes,Very good,8,No,No,No,76,23/09/2024,Chicago,TX,USA,Medication C,Diabetes
87,No,22.5,Yes,Yes,No,2,2,Yes,Female,25-34,White,No,No,Fair,6,Yes,Yes,Yes,82,12/10/2024,Phoenix,AZ,USA,Medication C,No prior conditions
88,No,19.1,No,No,Yes,0,1,Yes,Female,65+,Other,No,Yes,Fair,6,Yes,No,No,72,25/09/2024,Los Angeles,IL,USA,Medication B,No prior conditions
89,No,19.1,Yes,Yes,No,3,1,No,Female,65+,White,No,No,Fair,8,No,No,No,46,14/10/2024,Houston,IL,USA,Medication A,No prior conditions
90,Yes,26.3,No,No,Yes,24,25,Yes,Male,18-24,White,No,No,Poor,5,No,Yes,No,71,05/10/2024,Phoenix,AZ,USA,None,Diabetes
91,Yes,30.5,No,Yes,No,27,30,Yes,Male,18-24,Asian,Yes,No,Fair,7,No,Yes,No,55,08/10/2024,Los Angeles,AZ,USA,Medication C,Diabetes
92,No,21.0,Yes,Yes,Yes,3,0,Yes,Female,65+,Black,No,Yes,Very good,6,No,No,No,64,12/10/2024,New York,CA,USA,Medication A,Hypertension
93,Yes,30.5,No,No,No,30,5,Yes,Male,35-44,Hispanic,No,Yes,Excellent,6,No,No,Yes,31,03/10/2024,Chicago,CA,USA,None,None
94,Yes,33.5,Yes,Yes,Yes,5,5,Yes,Male,55-64,Asian,No,No,Very good,4,No,Yes,Yes,40,20/10/2024,Phoenix,TX,USA,Medication B,No prior conditions
95,Yes,36.4,Yes,No,Yes,7,13,Yes,Female,45-54,Asian,Yes,No,Good,5,No,No,Yes,54,04/10/2024,Phoenix,IL,USA,None,Hypertension
96,Yes,30.7,No,No,Yes,7,30,No,Male,55-64,Hispanic,No,Yes,Very good,8,Yes,No,Yes,73,19/10/2024,Los Angeles,AZ,USA,Medication B,Diabetes
97,Yes,34.2,Yes,No,Yes,9,25,No,Female,25-34,White,Yes,No,Fair,5,Yes,No,No,84,22/09/2024,Chicago,IL,USA,Medication A,No prior conditions
98,No,24.1,No,Yes,No,3,0,Yes,Male,55-64,White,No,Yes,Very good,8,No,Yes,Yes,24,20/10/2024,Houston,IL,USA,Medication C,Diabetes
99,Yes,27.5,No,No,Yes,14,28,No,Male,18-24,Black,No,No,Very good,5,Yes,Yes,Yes,77,05/10/2024,New York,IL,USA,Medication C,None
100,No,24.9,Yes,No,Yes,2,4,No,Female,45-54,White,No,Yes,Poor,6,Yes,No,No,49,18/10/2024,Los Angeles,NY,USA,Medication A,Hypertension
101,No,20.4,No,No,Yes,4,2,Yes,Female,55-64,Asian,Yes,No,Excellent,6,No,Yes,Yes,60,05/10/2024,Houston,AZ,USA,Medication A,None
102,No,23.3,No,Yes,Yes,1,3,Yes,Male,45-54,Asian,Yes,No,Very good,6,No,No,No,55,08/10/2024,Houston,AZ,USA,Medication B,Diabetes
103,No,20.3,Yes,Yes,No,1,4,No,Male,55-64,Asian,No,No,Good,7,No,Yes,Yes,40,08/10/2024,New York,CA,USA,None,Diabetes
104,Yes,37.7,No,Yes,Yes,5,26,Yes,Female,65+,Hispanic,Yes,No,Very good,4,Yes,Yes,Yes,57,18/10/2024,New York,NY,USA,Medication C,Hypertension
105,Yes,38.5,Yes,No,No,20,10,Yes,Female,45-54,White,No,Yes,Excellent,6,No,No,No,26,07/10/2024,New York,CA,USA,None,No prior conditions
106,No,23.4,No,Yes,Yes,3,1,No,Male,55-64,White,No,Yes,Excellent,8,Yes,No,Yes,30,30/09/2024,Houston,AZ,USA,Medication A,No prior conditions
107,No,23.7,Yes,Yes,No,4,4,No,Male,25-34,White,No,Yes,Excellent,4,Yes,No,No,41,28/09/2024,Los Angeles,AZ,USA,Medication B,Hypertension
108,Yes,38.4,Yes,No,No,24,20,Yes,Female,45-54,White,No,Yes,Excellent,6,Yes,Yes,No,56,03/10/2024,Houston,NY,USA,Medication C,No prior conditions
109,No,23.6,No,No,No,2,0,No,Male,35-44,Black,No,No,Excellent,6,Yes,No,No,62,25/09/2024,Los Angeles,TX,USA,Medication A,Hypertension
110,No,18.5,Yes,Yes,No,4,1,Yes,Male,18-24,Black,No,Yes,Poor,5,Yes,No,No,43,13/10/2024,Houston,IL,USA,Medication C,Hypertension
111,Yes,35.2,Yes,No,Yes,9,15,Yes,Female,45-54,Asian,No,No,Excellent,7,Yes,Yes,Yes,82,10/10/2024,New York,CA,USA,None,Diabetes
112,No,18.8,No,Yes,No,2,0,Yes,Female,65+,Asian,Yes,No,Poor,4,No,Yes,No,29,13/10/2024,Chicago,CA,USA,Medication B,Hypertension
113,Yes,32.8,No,No,No,5,9,Yes,Male,18-24,Hispanic,No,No,Very good,8,No,Yes,Yes,58,03/10/2024,Phoenix,CA,USA,Medication C,Hypertension
114,No,24.2,No,Yes,No,3,4,Yes,Female,55-64,Other,No,No,Very good,6,Yes,Yes,No,30,19/10/2024,Houston,NY,USA,Medication B,Hypertension
115,Yes,35.0,No,No,Yes,12,27,Yes,Female,55-64,Asian,No,Yes,Poor,5,Yes,No,No,22,27/09/2024,Phoenix,IL,USA,Medication C,Diabetes
116,Yes,36.7,Yes,Yes,Yes,8,27,No,Female,55-64,White,No,No,Fair,6,Yes,Yes,No,64,05/10/2024,Phoenix,CA,USA,None,Diabetes
117,No,21.6,No,Yes,Yes,2,4,No,Male,55-64,Asian,No,Yes,Excellent,7,No,Yes,No,38,21/10/2024,Phoenix,TX,USA,Medication A,Hypertension
118,Yes,29.1,No,No,No,18,16,No,Female,65+,Asian,No,Yes,Excellent,5,No,No,Yes,45,18/10/2024,Houston,TX,USA,Medication C,None
119,Yes,27.0,No,No,No,29,23,No,Male,55-64,Black,Yes,Yes,Very good,7,No,Yes,No,63,28/09/2024,Chicago,AZ,USA,Medication A,No prior conditions
120,No,22.2,Yes,No,No,2,2,Yes,Male,25-34,White,No,Yes,Poor,5,Yes,Yes,Yes,66,30/09/2024,Phoenix,IL,USA,None,Diabetes
121,Yes,29.0,Yes,No,No,18,7,No,Male,18-24,Hispanic,Yes,Yes,Excellent,5,No,No,Yes,65,07/10/2024,Houston,AZ,USA,None,Diabetes
122,Yes,32.1,No,Yes,Yes,6,20,No,Male,45-54,Hispanic,No,Yes,Very good,8,No,No,No,58,16/10/2024,Houston,AZ,USA,Medication B,None
123,No,19.7,No,Yes,No,1,3,No,Female,25-34,Hispanic,No,No,Excellent,4,No,No,No,83,26/09/2024,Houston,IL,USA,Medication A,Hypertension
124,No,23.6,No,Yes,Yes,4,0,Yes,Male,25-34,Asian,No,No,Poor,7,No,No,No,62,16/10/2024,Houston,AZ,USA,Medication B,None
125,Yes,39.5,Yes,No,No,12,25,Yes,Male,25-34,Hispanic,No,Yes,Fair,7,No,No,Yes,43,25/09/2024,Houston,IL,USA,Medication A,None
126,Yes,38.0,Yes,Yes,No,16,29,No,Male,25-34,Hispanic,No,No,Good,5,Yes,Yes,No,65,09/10/2024,Los Angeles,TX,USA,Medication A,No prior conditions
127,No,24.0,No,Yes,No,1,4,Yes,Female,25-34,Hispanic,No,Yes,Very good,4,Yes,Yes,No,74,20/10/2024,Los Angeles,IL,USA,Medication C,Diabetes
128,No,18.9,Yes,Yes,No,0,0,Yes,Female,18-24,Black,Yes,Yes,Very good,7,No,No,No,18,19/10/2024,Phoenix,CA,USA,Medication B,None
129,Yes,28.3,Yes,Yes,Yes,30,14,Yes,Female,45-54,White,No,Yes,Good,4,Yes,No,Yes,48,08/10/2024,Los Angeles,NY,USA,None,Hypertension
130,Yes,39.0,Yes,Yes,No,28,10,No,Female,18-24,Black,Yes,Yes,Good,8,No,No,No,72,23/09/2024,Houston,TX,USA,Medication B,Hypertension
131,Yes,25.7,Yes,No,Yes,15,27,No,Female,65+,White,Yes,Yes,Very good,8,Yes,No,Yes,34,29/09/2024,Houston,NY,USA,Medication A,No prior conditions
132,Yes,25.3,Yes,No,No,16,5,No,Male,45-54,Black,No,No,Fair,6,No,Yes,Yes,79,12/10/2024,Los Angeles,TX,USA,Medication A,Diabetes
133,Yes,29.9,Yes,No,Yes,16,28,No,Male,25-34,White,No,Yes,Very good,7,No,No,No,66,11/10/2024,Phoenix,CA,USA,Medication B,Hypertension
134,No,18.7,No,No,No,0,1,Yes,Female,65+,Hispanic,Yes,No,Good,6,No,No,No,56,03/10/2024,Phoenix,NY,USA,Medication C,Diabetes
135,Yes,29.0,Yes,Yes,Yes,24,8,Yes,Male,25-34,Other,No,No,Excellent,7,Yes,No,Yes,83,28/09/2024,New York,CA,USA,None,Hypertension
136,Yes,36.2,Yes,No,No,29,5,Yes,Female,55-64,Hispanic,No,No,Poor,4,Yes,No,No,52,07/10/2024,Los Angeles,CA,USA,Medication C,None
137,Yes,31.5,No,No,No,7,16,Yes,Male,35-44,Other,Yes,No,Excellent,7,No,Yes,No,38,27/09/2024,Houston,TX,USA,Medication B,Hypertension
138,No,20.1,No,No,Yes,2,3,No,Male,35-44,Hispanic,No,No,Fair,6,No,Yes,Yes,20,30/09/2024,Houston,AZ,USA,Medication B,Diabetes
139,Yes,34.3,Yes,Yes,Yes,28,8,No,Male,65+,Black,Yes,No,Very good,8,Yes,No,Yes,63,07/10/2024,New York,CA,USA,None,None
140,No,23.9,Yes,Yes,Yes,2,3,No,Female,18-24,Other,No,Yes,Very good,7,No,Yes,Yes,81,02/10/2024,Los Angeles,CA,USA,Medication B,None
141,No,21.0,Yes,Yes,Yes,1,3,Yes,Female,18-24,Hispanic,No,No,Poor,7,Yes,Yes,No,20,26/09/2024,Phoenix,TX,USA,Medication A,No prior conditions
142,Yes,32.1,No,Yes,No,18,20,Yes,Male,45-54,Asian,No,Yes,Excellent,4,Yes,No,No,70,13/10/2024,Chicago,IL,USA,Medication B,Hypertension
143,Yes,29.0,No,Yes,No,18,27,Yes,Female,55-64,Other,Yes,Yes,Poor,6,No,Yes,Yes,48,11/10/2024,New York,TX,USA,None,No prior conditions
144,No,23.9,No,Yes,No,1,0,Yes,Female,45-54,White,No,Yes,Fair,6,No,No,No,70,22/09/2024,Phoenix,CA,USA,Medication C,Diabetes
145,No,22.2,Yes,No,Yes,2,2,No,Male,55-64,Black,No,No,Excellent,8,Yes,Yes,No,43,24/09/2024,Houston,TX,USA,Medication B,No prior conditions
146,No,21.7,Yes,No,Yes,0,1,No,Male,35-44,Hispanic,No,No,Excellent,4,Yes,Yes,Yes,51,26/09/2024,New York,CA,USA,Medication C,No prior conditions
147,No,19.3,No,No,No,2,0,Yes,Male,35-44,Hispanic,No,Yes,Fair,8,Yes,Yes,No,65,16/10/2024,New York,NY,USA,Medication C,None
148,No,18.6,No,No,No,2,4,Yes,Male,55-64,White,No,No,Very good,8,No,No,Yes,70,15/10/2024,Chicago,IL,USA,Medication A,No prior conditions
149,Yes,25.0,Yes,No,Yes,27,22,No,Female,45-54,Hispanic,Yes,Yes,Very good,8,Yes,Yes,No,30,16/10/2024,Phoenix,NY,USA,None,Diabetes
150,Yes,27.0,No,No,Yes,8,15,Yes,Male,18-24,Hispanic,Yes,Yes,Good,4,No,Yes,No,36,19/10/2024,Chicago,NY,USA,Medication C,No prior conditions
151,Yes,37.1,No,No,No,24,20,Yes,Female,65+,White,No,No,Very good,4,Yes,No,No,28,28/09/2024,New York,IL,USA,Medication A,Diabetes
152,Yes,33.6,No,Yes,No,18,29,No,Male,55-64,White,No,No,Poor,8,No,Yes,No,83,02/10/2024,Phoenix,NY,USA,Medication B,Diabetes
153,No,23.9,No,Yes,No,2,1,Yes,Female,55-64,Asian,No,Yes,Fair,5,Yes,Yes,Yes,25,13/10/2024,Los Angeles,AZ,USA,Medication C,Diabetes
154,Yes,37.8,No,No,No,29,16,Yes,Male,55-64,Asian,No,Yes,Very good,5,No,Yes,No,48,24/09/2024,New York,NY,USA,Medication C,Hypertension
155,Yes,34.0,No,No,No,22,19,Yes,Male,45-54,White,No,Yes,Excellent,8,No,No,No,19,30/09/2024,Chicago,CA,USA,Medication B,Hypertension
156,Yes,31.8,No,Yes,Yes,9,28,No,Male,18-24,Other,Yes,No,Fair,5,No,No,No,24,18/10/2024,Chicago,IL,USA,Medication B,Diabetes
157,Yes,39.7,No,No,Yes,16,23,Yes,Male,45-54,Other,Yes,No,Very good,6,No,Yes,No,68,08/10/2024,Chicago,TX,USA,Medication A,No prior conditions
158,Yes,29.4,Yes,No,No,8,18,No,Male,25-34,Other,No,Yes,Poor,8,No,No,Yes,80,04/10/2024,Chicago,CA,USA,Medication B,No prior conditions
159,Yes,37.6,Yes,No,No,19,23,Yes,Male,25-34,Black,No,Yes,Good,5,No,No,Yes,36,21/10/2024,Chicago,AZ,USA,Medication B,None
160,Yes,28.1,No,Yes,Yes,20,14,Yes,Female,55-64,Asian,Yes,Yes,Good,6,No,No,Yes,28,21/10/2024,Houston,IL,USA,None,Hypertension
161,Yes,32.1,Yes,Yes,Yes,10,7,No,Female,55-64,Other,No,No,Fair,8,No,No,No,66,09/10/2024,New York,NY,USA,Medication C,None
162,Yes,32.9,Yes,No,No,7,7,No,Female,55-64,Other,Yes,Yes,Poor,5,Yes,Yes,Yes,49,18/10/2024,Los Angeles,NY,USA,Medication B,No prior conditions
163,No,21.5,No,Yes,Yes,3,0,No,Male,18-24,Other,No,Yes,Poor,7,Yes,No,No,21,21/10/2024,Los Angeles,CA,USA,None,No prior conditions
164,Yes,32.3,No,Yes,Yes,29,12,Yes,Female,18-24,White,Yes,No,Poor,6,No,Yes,No,58,16/10/2024,Phoenix,CA,USA,Medication A,Hypertension
165,Yes,28.9,No,Yes,No,21,20,Yes,Male,55-64,Hispanic,No,No,Very good,8,No,Yes,No,56,01/10/2024,Houston,IL,USA,Medication A,Diabetes
166,No,20.6,No,No,No,2,1,No,Female,18-24,Black,No,No,Good,6,Yes,Yes,Yes,26,06/10/2024,New York,CA,USA,None,None
167,No,20.6,Yes,Yes,No,4,1,Yes,Male,35-44,Hispanic,Yes,No,Poor,4,No,Yes,Yes,78,07/10/2024,Chicago,CA,USA,Medication A,No prior conditions
168,Yes,26.4,Yes,Yes,No,21,24,Yes,Male,55-64,Asian,No,Yes,Excellent,4,Yes,No,No,25,29/09/2024,Chicago,IL,USA,Medication B,Diabetes
169,Yes,37.5,Yes,No,Yes,28,18,No,Female,35-44,Hispanic,Yes,Yes,Very good,7,Yes,No,No,72,09/10/2024,Los Angeles,CA,USA,Medication A,Diabetes
170,No,18.9,No,No,Yes,0,2,Yes,Female,45-54,Black,Yes,Yes,Excellent,8,No,No,Yes,29,24/09/2024,Los Angeles,IL,USA,Medication B,Diabetes
171,Yes,25.1,Yes,No,No,15,18,Yes,Female,35-44,Other,No,No,Excellent,8,Yes,No,Yes,62,30/09/2024,Houston,AZ,USA,Medication B,No prior conditions
172,No,21.7,Yes,Yes,Yes,3,2,No,Male,45-54,Other,No,No,Fair,5,No,No,Yes,66,28/09/2024,New York,CA,USA,Medication B,No prior conditions
173,No,20.5,Yes,Yes,No,1,0,No,Female,65+,White,No,No,Very good,5,No,No,No,42,02/10/2024,New York,CA,USA,Medication A,Hypertension
174,Yes,25.4,Yes,No,No,15,10,No,Male,45-54,White,Yes,Yes,Excellent,8,Yes,No,No,24,28/09/2024,Phoenix,CA,USA,Medication B,Diabetes
175,Yes,36.1,Yes,No,No,21,29,Yes,Female,55-64,Black,No,No,Very good,4,Yes,No,No,25,06/10/2024,Chicago,NY,USA,Medication B,None
176,Yes,32.6,Yes,Yes,No,19,25,No,Female,55-64,Other,No,Yes,Poor,4,Yes,Yes,No,54,12/10/2024,New York,CA,USA,Medication B,Hypertension
177,No,18.6,No,Yes,Yes,4,2,No,Female,45-54,Hispanic,No,Yes,Fair,5,No,No,Yes,66,02/10/2024,New York,IL,USA,Medication A,Diabetes
178,No,18.7,No,No,No,3,3,No,Male,18-24,Hispanic,No,Yes,Good,6,No,Yes,Yes,66,25/09/2024,Houston,NY,USA,None,None
179,No,22.7,No,Yes,Yes,0,1,Yes,Female,25-34,Black,No,Yes,Excellent,6,Yes,No,No,47,02/10/2024,Houston,NY,USA,None,None
180,No,22.8,No,No,Yes,2,3,No,Male,35-44,White,No,No,Fair,4,No,Yes,No,57,10/10/2024,Phoenix,CA,USA,Medication C,Hypertension
181,No,20.1,No,Yes,No,1,2,No,Female,45-54,Hispanic,No,No,Fair,4,No,No,No,33,29/09/2024,Chicago,TX,USA,Medication B,Diabetes
182,Yes,32.8,Yes,No,No,21,17,No,Male,25-34,Asian,No,Yes,Fair,6,No,No,Yes,84,30/09/2024,Phoenix,NY,USA,Medication B,No prior conditions
183,Yes,39.9,Yes,Yes,Yes,24,15,Yes,Female,55-64,Black,No,Yes,Fair,8,Yes,No,No,50,29/09/2024,Houston,IL,USA,Medication B,Hypertension
184,Yes,32.4,Yes,No,No,5,9,No,Male,55-64,Asian,No,No,Poor,4,Yes,Yes,Yes,63,30/09/2024,Chicago,CA,USA,None,Hypertension
185,No,21.6,Yes,Yes,No,0,2,Yes,Male,65+,Asian,No,Yes,Very good,4,Yes,Yes,No,29,09/10/2024,Houston,IL,USA,Medication B,Hypertension
186,No,21.1,Yes,No,No,2,3,No,Male,65+,White,No,No,Good,4,Yes,No,Yes,48,26/09/2024,Houston,TX,USA,Medication B,None
187,Yes,32.6,Yes,Yes,Yes,13,23,Yes,Male,45-54,Other,Yes,Yes,Good,8,No,No,Yes,34,12/10/2024,Phoenix,CA,USA,Medication C,Diabetes
188,Yes,25.8,Yes,No,Yes,9,12,Yes,Male,18-24,Black,Yes,Yes,Very good,5,No,No,Yes,67,19/10/2024,Los Angeles,IL,USA,Medication C,No prior conditions
189,Yes,27.5,Yes,No,Yes,24,14,Yes,Male,45-54,Other,Yes,Yes,Good,4,Yes,Yes,Yes,45,17/10/2024,Los Angeles,IL,USA,None,Diabetes
190,Yes,37.9,Yes,No,No,13,21,No,Male,35-44,Hispanic,Yes,No,Fair,7,No,Yes,Yes,79,17/10/2024,Phoenix,CA,USA,Medication B,Hypertension
191,No,23.6,No,No,No,2,0,Yes,Male,65+,Hispanic,No,Yes,Poor,8,Yes,No,Yes,30,21/10/2024,Houston,AZ,USA,Medication C,None
192,Yes,30.8,Yes,No,No,9,8,No,Female,25-34,Black,Yes,No,Fair,5,No,Yes,No,57,15/10/2024,Houston,AZ,USA,None,None
193,No,18.6,No,Yes,No,0,4,Yes,Female,18-24,White,No,Yes,Fair,7,Yes,Yes,No,68,18/10/2024,Houston,TX,USA,Medication A,Hypertension
194,Yes,36.2,No,No,Yes,8,24,No,Female,65+,Hispanic,No,Yes,Poor,8,Yes,Yes,No,51,25/09/2024,Los Angeles,NY,USA,Medication C,None
195,No,22.1,Yes,Yes,Yes,4,2,No,Male,45-54,Hispanic,No,Yes,Excellent,7,No,Yes,No,30,21/10/2024,Chicago,NY,USA,None,Diabetes
196,No,24.6,No,No,No,1,0,No,Male,35-44,Other,No,No,Good,6,Yes,Yes,No,18,29/09/2024,New York,CA,USA,None,None
197,Yes,36.3,Yes,Yes,Yes,24,11,Yes,Male,35-44,Hispanic,No,Yes,Poor,5,Yes,Yes,Yes,38,15/10/2024,Phoenix,CA,USA,Medication B,Diabetes
198,Yes,33.3,Yes,No,Yes,5,11,Yes,Female,18-24,White,Yes,No,Very good,5,Yes,Yes,Yes,79,24/09/2024,Phoenix,CA,USA,None,Diabetes
199,No,19.4,Yes,No,Yes,2,1,Yes,Male,35-44,Hispanic,No,Yes,Very good,6,No,No,Yes,19,21/10/2024,Houston,CA,USA,None,None
200,Yes,26.8,Yes,Yes,Yes,6,12,No,Female,35-44,Hispanic,No,Yes,Very good,5,No,Yes,No,58,15/10/2024,Houston,AZ,USA,None,Hypertension
201,Yes,34.7,Yes,No,No,17,23,No,Male,35-44,Asian,Yes,No,Excellent,6,No,No,Yes,31,06/10/2024,Los Angeles,TX,USA,None,Diabetes
202,Yes,30.4,Yes,Yes,No,17,29,No,Female,35-44,White,Yes,Yes,Poor,4,Yes,No,Yes,51,01/10/2024,Houston,IL,USA,Medication B,No prior conditions
203,Yes,34.1,No,Yes,No,13,18,No,Female,45-54,Hispanic,Yes,Yes,Excellent,7,No,No,No,28,17/10/2024,Chicago,IL,USA,None,Diabetes
204,Yes,29.1,Yes,No,Yes,25,25,Yes,Female,65+,White,Yes,Yes,Very good,8,Yes,Yes,No,71,01/10/2024,Phoenix,AZ,USA,Medication A,None
205,Yes,37.8,Yes,No,Yes,19,7,Yes,Male,65+,White,No,No,Fair,4,Yes,Yes,Yes,66,14/10/2024,New York,TX,USA,None,Diabetes
206,No,23.0,No,Yes,No,1,2,Yes,Female,18-24,Hispanic,No,Yes,Fair,6,No,Yes,Yes,18,08/10/2024,Houston,CA,USA,None,No prior conditions
207,No,22.9,Yes,No,No,1,0,Yes,Male,25-34,Hispanic,No,No,Excellent,7,Yes,No,No,27,25/09/2024,Chicago,NY,USA,Medication A,No prior conditions
208,No,22.0,Yes,No,Yes,3,0,No,Male,25-34,White,Yes,No,Very good,4,No,No,Yes,52,01/10/2024,New York,AZ,USA,Medication C,No prior conditions
209,Yes,29.7,Yes,No,No,27,12,No,Male,35-44,Other,Yes,No,Very good,7,Yes,Yes,Yes,60,24/09/2024,Los Angeles,AZ,USA,Medication B,Hypertension
210,No,21.7,No,Yes,No,3,0,No,Male,65+,Other,No,Yes,Very good,4,Yes,No,Yes,24,26/09/2024,New York,CA,USA,Medication B,No prior conditions
211,Yes,39.7,Yes,No,No,20,17,Yes,Male,45-54,White,No,Yes,Very good,5,Yes,No,No,69,04/10/2024,Phoenix,AZ,USA,Medication C,Hypertension
212,Yes,38.8,Yes,Yes,No,26,22,Yes,Female,35-44,White,No,No,Poor,4,No,Yes,No,61,15/10/2024,Chicago,IL,USA,None,No prior conditions
213,No,23.3,Yes,Yes,No,1,0,Yes,Male,35-44,Other,No,No,Excellent,8,No,No,Yes,50,19/10/2024,Phoenix,CA,USA,None,No prior conditions
214,Yes,38.0,Yes,Yes,No,17,12,No,Female,65+,Other,No,Yes,Excellent,5,No,Yes,No,35,12/10/2024,New York,IL,USA,Medication C,Diabetes
215,No,18.6,Yes,Yes,Yes,1,1,Yes,Female,45-54,Asian,No,No,Poor,7,No,Yes,No,29,27/09/2024,Phoenix,CA,USA,None,None
216,No,20.0,No,No,No,0,3,No,Female,55-64,Other,No,Yes,Fair,5,No,No,Yes,41,07/10/2024,New York,NY,USA,Medication C,No prior conditions
217,No,19.5,No,No,No,0,2,No,Female,65+,Other,No,No,Excellent,7,Yes,No,No,50,17/10/2024,Los Angeles,IL,USA,None,None
218,No,22.8,No,Yes,Yes,3,4,Yes,Male,18-24,Black,No,No,Good,4,No,Yes,Yes,29,06/10/2024,Phoenix,CA,USA,None,Hypertension
219,No,19.8,No,Yes,No,2,0,No,Female,25-34,Hispanic,No,No,Excellent,5,No,No,Yes,23,08/10/2024,Phoenix,AZ,USA,Medication A,None
220,No,20.7,Yes,Yes,No,2,2,No,Male,45-54,Asian,No,No,Excellent,8,No,No,Yes,52,21/10/2024,Phoenix,AZ,USA,Medication C,None
221,Yes,33.0,Yes,Yes,Yes,26,22,No,Female,25-34,Asian,Yes,Yes,Fair,8,No,Yes,Yes,30,18/10/2024,New York,TX,USA,Medication B,No prior conditions
222,Yes,27.5,Yes,No,No,26,12,Yes,Male,45-54,White,No,Yes,Poor,4,Yes,Yes,No,84,16/10/2024,Phoenix,CA,USA,None,None
223,No,24.1,No,Yes,No,4,1,Yes,Female,65+,Black,No,No,Fair,8,No,No,No,36,23/09/2024,Phoenix,NY,USA,Medication B,No prior conditions
224,Yes,29.5,No,Yes,Yes,12,23,Yes,Female,45-54,Hispanic,No,No,Fair,8,Yes,No,Yes,53,17/10/2024,Los Angeles,TX,USA,Medication B,Hypertension
225,Yes,36.1,No,Yes,Yes,10,19,No,Male,55-64,Asian,Yes,No,Poor,8,No,No,Yes,74,28/09/2024,Houston,AZ,USA,Medication B,No prior conditions
226,Yes,37.5,Yes,Yes,No,19,14,Yes,Female,35-44,Other,Yes,No,Good,8,No,No,Yes,58,29/09/2024,Phoenix,NY,USA,Medication A,None
227,No,20.0,Yes,Yes,Yes,0,3,Yes,Female,18-24,Other,No,Yes,Poor,5,No,Yes,No,60,07/10/2024,New York,CA,USA,Medication A,Diabetes
228,Yes,33.3,Yes,No,No,8,9,No,Female,55-64,Other,No,Yes,Fair,6,No,No,No,43,06/10/2024,New York,AZ,USA,Medication C,Hypertension
229,Yes,29.2,Yes,No,Yes,9,7,No,Male,25-34,Hispanic,No,Yes,Poor,5,Yes,No,No,83,06/10/2024,Phoenix,TX,USA,None,No prior conditions
230,No,24.3,Yes,No,Yes,2,1,No,Male,18-24,Asian,No,No,Excellent,5,Yes,Yes,Yes,39,21/10/2024,Los Angeles,AZ,USA,None,None
231,Yes,35.8,No,No,Yes,11,17,No,Male,35-44,Hispanic,Yes,No,Excellent,5,No,No,No,66,24/09/2024,New York,IL,USA,None,Hypertension
232,Yes,36.0,Yes,No,Yes,10,13,Yes,Male,65+,White,No,No,Good,5,No,Yes,Yes,80,07/10/2024,Chicago,TX,USA,None,Hypertension
233,Yes,36.3,Yes,Yes,Yes,5,20,Yes,Female,55-64,White,Yes,No,Good,4,No,Yes,Yes,52,03/10/2024,Los Angeles,AZ,USA,Medication C,Hypertension
234,Yes,35.0,No,No,Yes,10,13,Yes,Male,45-54,Black,Yes,No,Poor,6,No,Yes,Yes,21,14/10/2024,Los Angeles,TX,USA,None,No prior conditions
235,Yes,37.8,Yes,Yes,No,7,15,No,Male,25-34,White,Yes,Yes,Poor,5,No,No,Yes,50,15/10/2024,Phoenix,CA,USA,None,Diabetes
236,Yes,30.1,Yes,No,No,21,10,No,Female,55-64,Asian,Yes,No,Poor,8,No,Yes,Yes,83,12/10/2024,Houston,IL,USA,Medication C,Hypertension
237,Yes,35.0,No,No,No,10,9,No,Male,55-64,Asian,No,Yes,Very good,7,Yes,No,No,71,03/10/2024,New York,IL,USA,Medication A,Diabetes
238,No,21.1,No,No,Yes,2,3,No,Female,18-24,Asian,Yes,Yes,Fair,6,No,Yes,No,36,25/09/2024,Phoenix,AZ,USA,None,No prior conditions
239,Yes,34.9,No,No,No,20,19,No,Male,25-34,Other,Yes,No,Fair,6,No,No,No,22,25/09/2024,Phoenix,TX,USA,Medication A,None
240,Yes,39.2,No,Yes,Yes,25,8,Yes,Female,25-34,Other,No,Yes,Good,8,No,No,No,63,09/10/2024,Chicago,TX,USA,Medication A,None
241,Yes,27.8,No,No,No,18,24,No,Female,25-34,Asian,No,No,Excellent,8,Yes,Yes,Yes,84,20/10/2024,Houston,TX,USA,None,None
242,Yes,31.9,Yes,Yes,No,20,26,No,Male,18-24,White,Yes,Yes,Excellent,8,Yes,No,No,46,11/10/2024,Phoenix,IL,USA,Medication B,Hypertension
243,No,24.6,No,No,Yes,1,1,Yes,Male,25-34,White,No,No,Excellent,6,No,Yes,No,35,21/10/2024,New York,AZ,USA,Medication B,Diabetes
244,No,24.0,No,No,Yes,1,4,No,Male,18-24,Black,No,Yes,Excellent,8,Yes,Yes,Yes,61,18/10/2024,Houston,TX,USA,None,No prior conditions
245,No,22.6,No,No,Yes,1,4,Yes,Female,45-54,Hispanic,No,No,Fair,6,No,Yes,No,36,01/10/2024,New York,AZ,USA,Medication C,Diabetes
246,Yes,27.9,Yes,Yes,No,20,19,No,Female,18-24,Black,Yes,Yes,Very good,6,Yes,No,No,78,24/09/2024,Chicago,NY,USA,Medication C,Hypertension
247,No,21.5,Yes,Yes,No,0,2,Yes,Male,35-44,Hispanic,No,No,Excellent,4,Yes,Yes,No,51,29/09/2024,Houston,CA,USA,None,No prior conditions
248,Yes,32.8,Yes,No,No,21,5,Yes,Male,65+,White,Yes,No,Good,4,Yes,Yes,Yes,61,08/10/2024,Los Angeles,CA,USA,Medication C,Diabetes
249,No,19.9,No,No,No,2,2,No,Female,25-34,Asian,No,No,Poor,4,Yes,Yes,No,41,08/10/2024,Houston,CA,USA,Medication A,Diabetes
250,No,20.6,No,Yes,Yes,4,4,Yes,Male,35-44,Other,No,No,Poor,5,No,No,Yes,83,24/09/2024,New York,TX,USA,None,None
251,Yes,36.5,Yes,Yes,No,13,11,No,Male,35-44,Black,No,Yes,Good,5,Yes,Yes,No,28,06/10/2024,Phoenix,CA,USA,None,Diabetes
252,No,20.0,No,No,No,1,2,No,Male,45-54,Black,No,Yes,Good,5,Yes,No,No,69,28/09/2024,Chicago,TX,USA,Medication B,Diabetes
253,No,22.1,No,No,No,1,1,No,Female,55-64,White,No,Yes,Good,4,No,Yes,No,47,03/10/2024,Houston,CA,USA,Medication B,Hypertension
254,No,19.9,No,Yes,No,1,0,No,Female,45-54,Hispanic,No,Yes,Very good,8,No,No,No,72,02/10/2024,Chicago,IL,USA,None,No prior conditions
255,Yes,31.8,Yes,No,No,21,14,No,Female,65+,Black,Yes,Yes,Poor,5,Yes,No,Yes,45,28/09/2024,New York,TX,USA,Medication A,None
256,Yes,30.1,No,Yes,Yes,29,12,No,Male,18-24,Hispanic,No,Yes,Very good,5,No,Yes,Yes,75,04/10/2024,New York,TX,USA,Medication C,Hypertension
257,No,21.8,Yes,No,Yes,1,4,No,Male,65+,Black,No,Yes,Excellent,6,No,No,Yes,37,12/10/2024,New York,AZ,USA,Medication A,Diabetes
258,Yes,38.8,Yes,No,No,24,27,Yes,Male,18-24,Asian,Yes,Yes,Poor,5,Yes,No,Yes,48,20/10/2024,Phoenix,CA,USA,Medication B,No prior conditions
259,Yes,28.2,Yes,Yes,No,23,23,No,Female,25-34,White,Yes,Yes,Good,4,Yes,Yes,No,68,06/10/2024,Los Angeles,IL,USA,Medication C,None
260,Yes,39.0,Yes,Yes,Yes,26,21,No,Male,35-44,Hispanic,Yes,No,Very good,5,Yes,No,No,39,09/10/2024,Chicago,IL,USA,None,None
261,No,23.2,No,No,No,4,3,Yes,Male,45-54,White,No,Yes,Fair,8,Yes,No,No,56,06/10/2024,Los Angeles,AZ,USA,Medication B,No prior conditions
262,Yes,29.8,Yes,Yes,No,30,19,No,Female,55-64,Other,Yes,Yes,Poor,7,Yes,No,No,19,05/10/2024,Los Angeles,NY,USA,Medication C,Diabetes
263,No,22.9,No,No,Yes,0,4,No,Male,45-54,White,No,Yes,Good,4,Yes,No,Yes,37,03/10/2024,Chicago,CA,USA,Medication B,No prior conditions
264,Yes,26.2,Yes,Yes,No,7,9,Yes,Male,25-34,Hispanic,No,No,Good,6,Yes,Yes,Yes,58,28/09/2024,New York,NY,USA,Medication B,None
265,Yes,32.1,No,Yes,No,22,26,No,Female,45-54,Hispanic,No,No,Excellent,6,Yes,No,No,78,02/10/2024,Los Angeles,IL,USA,Medication A,Diabetes
266,No,19.4,Yes,Yes,No,2,2,No,Female,55-64,Other,No,No,Very good,4,Yes,No,No,31,22/09/2024,Chicago,TX,USA,Medication A,Diabetes
267,No,20.9,Yes,Yes,No,3,1,No,Female,55-64,Other,No,Yes,Excellent,7,Yes,No,Yes,83,30/09/2024,Houston,AZ,USA,Medication A,Diabetes
268,Yes,34.4,No,No,No,9,28,No,Female,35-44,Black,Yes,No,Fair,4,No,No,No,65,23/09/2024,Los Angeles,IL,USA,None,No prior conditions
269,No,24.8,No,No,No,1,1,Yes,Female,35-44,Hispanic,No,Yes,Fair,8,Yes,No,No,76,25/09/2024,New York,CA,USA,None,No prior conditions
270,No,24.9,No,Yes,Yes,0,2,No,Female,25-34,White,No,Yes,Excellent,5,Yes,Yes,No,80,24/09/2024,Phoenix,AZ,USA,Medication A,Diabetes
271,Yes,27.7,No,No,No,19,21,No,Female,35-44,Other,Yes,Yes,Poor,5,Yes,Yes,Yes,29,06/10/2024,Chicago,NY,USA,Medication B,Hypertension
272,No,20.0,Yes,No,No,0,2,No,Female,65+,White,No,Yes,Poor,6,No,No,Yes,23,14/10/2024,Los Angeles,TX,USA,None,None
273,Yes,25.1,Yes,No,No,17,24,No,Male,65+,Other,No,No,Excellent,5,No,No,No,71,29/09/2024,New York,AZ,USA,Medication B,Diabetes
274,Yes,34.4,No,No,Yes,20,16,No,Male,18-24,Hispanic,No,Yes,Excellent,7,No,No,Yes,74,20/10/2024,New York,AZ,USA,None,No prior conditions
275,No,24.8,No,No,No,1,2,Yes,Male,35-44,Other,No,No,Poor,4,Yes,No,Yes,66,05/10/2024,Chicago,IL,USA,Medication C,No prior conditions
276,Yes,37.2,No,No,Yes,17,6,Yes,Male,18-24,Hispanic,Yes,Yes,Very good,5,No,Yes,No,68,21/10/2024,Houston,TX,USA,Medication C,None
277,Yes,27.9,No,Yes,No,5,22,Yes,Male,45-54,Other,Yes,No,Excellent,4,No,No,No,48,08/10/2024,New York,TX,USA,None,None
278,Yes,35.4,Yes,No,Yes,9,15,Yes,Male,18-24,Black,No,No,Good,7,No,No,No,27,03/10/2024,Chicago,TX,USA,Medication C,Hypertension
279,No,20.6,No,Yes,No,4,4,No,Male,25-34,Other,No,No,Very good,5,No,Yes,Yes,69,11/10/2024,Los Angeles,TX,USA,None,No prior conditions
280,No,18.5,Yes,No,No,2,0,Yes,Male,55-64,Black,No,Yes,Excellent,8,No,Yes,No,18,04/10/2024,Houston,TX,USA,Medication A,Hypertension
281,Yes,37.4,No,Yes,No,20,7,No,Female,25-34,Black,Yes,No,Good,5,Yes,Yes,Yes,45,19/10/2024,Chicago,IL,USA,Medication A,None
282,No,22.1,No,No,No,2,4,No,Female,25-34,White,No,Yes,Good,4,Yes,Yes,No,67,13/10/2024,Chicago,TX,USA,Medication C,No prior conditions
283,Yes,27.0,Yes,No,Yes,25,25,Yes,Female,65+,Hispanic,Yes,Yes,Excellent,6,No,No,No,48,23/09/2024,Houston,IL,USA,Medication B,None
284,No,23.2,No,No,Yes,4,4,No,Female,25-34,Other,No,No,Excellent,6,Yes,No,No,79,01/10/2024,New York,IL,USA,Medication C,No prior conditions
285,No,21.5,No,Yes,No,0,3,No,Male,65+,Other,No,Yes,Excellent,6,No,No,No,81,08/10/2024,New York,TX,USA,Medication B,Hypertension
286,No,21.1,No,No,No,3,1,Yes,Female,25-34,Asian,No,Yes,Good,5,No,Yes,No,70,23/09/2024,Los Angeles,NY,USA,None,Diabetes
287,Yes,28.6,Yes,Yes,Yes,12,10,No,Male,35-44,Other,No,Yes,Fair,4,No,No,Yes,83,06/10/2024,Los Angeles,CA,USA,Medication C,Hypertension
288,Yes,35.6,No,Yes,Yes,13,30,Yes,Female,65+,Hispanic,Yes,Yes,Excellent,8,Yes,Yes,Yes,72,18/10/2024,Phoenix,TX,USA,Medication A,None
289,No,19.9,Yes,No,Yes,3,1,No,Female,45-54,Hispanic,No,Yes,Excellent,4,No,Yes,No,68,06/10/2024,Phoenix,CA,USA,Medication B,None
290,No,22.2,No,No,Yes,2,2,Yes,Female,55-64,Other,No,No,Very good,8,No,No,Yes,26,02/10/2024,Los Angeles,IL,USA,None,Diabetes
291,Yes,30.0,Yes,No,Yes,30,21,No,Female,18-24,Black,No,Yes,Excellent,7,Yes,No,No,69,01/10/2024,Houston,NY,USA,Medication A,Diabetes
292,Yes,38.3,No,Yes,Yes,13,9,No,Male,65+,Asian,Yes,Yes,Very good,5,No,No,No,34,10/10/2024,Phoenix,IL,USA,Medication A,Diabetes
293,No,22.5,No,Yes,Yes,0,1,Yes,Male,18-24,Hispanic,No,Yes,Very good,7,Yes,Yes,No,22,07/10/2024,Phoenix,NY,USA,Medication A,None
294,Yes,32.1,Yes,No,Yes,17,25,No,Male,45-54,Asian,Yes,Yes,Fair,5,No,No,No,67,29/09/2024,Houston,IL,USA,None,Hypertension
295,No,23.4,No,No,Yes,3,0,No,Female,25-34,Asian,No,No,Excellent,4,Yes,Yes,Yes,51,08/10/2024,New York,AZ,USA,None,Diabetes
296,Yes,35.6,Yes,No,No,27,26,No,Male,65+,Hispanic,No,Yes,Fair,8,No,Yes,Yes,77,21/10/2024,Chicago,AZ,USA,Medication C,No prior conditions
297,No,21.4,Yes,Yes,No,1,3,No,Male,25-34,Black,No,No,Good,4,Yes,Yes,Yes,50,16/10/2024,New York,AZ,USA,None,None
298,No,22.2,Yes,Yes,No,2,4,Yes,Female,55-64,Black,No,No,Fair,8,No,No,No,46,12/10/2024,Chicago,NY,USA,Medication B,None
299,Yes,39.0,No,No,Yes,20,16,No,Male,18-24,Hispanic,No,No,Poor,5,Yes,No,Yes,63,28/09/2024,Houston,IL,USA,Medication B,Hypertension
300,Yes,39.7,Yes,No,Yes,14,29,Yes,Male,25-34,Other,Yes,Yes,Poor,8,Yes,No,Yes,74,15/10/2024,Phoenix,CA,USA,Medication C,Hypertension
301,Yes,26.9,No,Yes,Yes,5,22,Yes,Male,35-44,Other,No,Yes,Poor,7,No,Yes,No,33,06/10/2024,Houston,NY,USA,Medication B,Diabetes
302,Yes,38.6,Yes,No,Yes,11,20,Yes,Female,55-64,Asian,No,Yes,Very good,8,Yes,No,Yes,73,10/10/2024,New York,NY,USA,Medication B,None
303,Yes,37.9,Yes,No,No,18,30,No,Female,35-44,Other,Yes,No,Poor,8,Yes,No,No,47,07/10/2024,Houston,NY,USA,Medication B,No prior conditions
304,No,23.1,No,Yes,No,0,2,Yes,Male,65+,Asian,No,No,Fair,6,No,No,No,74,14/10/2024,New York,IL,USA,None,Diabetes
305,Yes,33.7,Yes,Yes,No,28,8,Yes,Female,65+,Other,No,Yes,Excellent,5,No,No,Yes,35,05/10/2024,Houston,NY,USA,Medication B,Hypertension
306,No,21.6,Yes,No,Yes,1,1,No,Female,65+,Black,No,No,Very good,6,Yes,Yes,Yes,48,14/10/2024,Los Angeles,AZ,USA,Medication A,No prior conditions
307,Yes,30.0,Yes,No,No,15,10,No,Male,35-44,Black,No,No,Very good,7,Yes,Yes,Yes,42,03/10/2024,New York,CA,USA,None,Hypertension
308,Yes,31.0,Yes,Yes,No,17,20,No,Male,45-54,Black,Yes,No,Poor,4,Yes,Yes,Yes,34,22/09/2024,Chicago,IL,USA,Medication B,Diabetes
309,No,22.0,Yes,Yes,No,0,2,Yes,Female,45-54,Other,Yes,No,Good,5,Yes,Yes,Yes,64,30/09/2024,Phoenix,CA,USA,Medication B,No prior conditions
310,No,18.9,No,Yes,Yes,2,0,Yes,Female,35-44,Asian,Yes,No,Good,7,No,No,No,20,11/10/2024,Phoenix,IL,USA,Medication B,Hypertension
311,Yes,34.6,Yes,Yes,Yes,27,26,Yes,Male,45-54,Asian,Yes,No,Excellent,5,No,No,No,23,22/09/2024,New York,IL,USA,Medication A,None
312,No,25.0,No,Yes,Yes,1,4,No,Male,35-44,Black,No,No,Fair,4,Yes,No,No,48,02/10/2024,Los Angeles,IL,USA,Medication B,None
313,Yes,27.7,No,No,Yes,12,9,Yes,Female,25-34,Black,Yes,No,Poor,6,No,Yes,No,64,24/09/2024,Phoenix,IL,USA,Medication B,Diabetes
314,Yes,26.1,Yes,Yes,Yes,24,18,Yes,Male,45-54,Other,Yes,Yes,Fair,8,Yes,No,Yes,28,25/09/2024,Los Angeles,CA,USA,Medication C,No prior conditions
315,Yes,38.7,Yes,Yes,No,30,22,No,Male,35-44,Other,No,Yes,Good,8,Yes,No,No,59,29/09/2024,Chicago,AZ,USA,None,Hypertension
316,No,22.0,Yes,No,Yes,2,1,No,Male,65+,Asian,No,No,Good,8,Yes,Yes,Yes,56,30/09/2024,Phoenix,CA,USA,None,Hypertension
317,No,24.1,No,Yes,Yes,3,1,No,Male,55-64,White,No,No,Poor,4,No,No,No,64,07/10/2024,Houston,AZ,USA,Medication A,None
318,Yes,28.2,Yes,No,No,18,16,No,Male,55-64,Asian,No,No,Good,4,No,Yes,No,43,17/10/2024,Houston,IL,USA,Medication B,Diabetes
319,Yes,36.6,Yes,Yes,No,11,23,Yes,Male,45-54,Other,No,No,Good,4,Yes,Yes,Yes,53,23/09/2024,New York,NY,USA,Medication A,No prior conditions
320,Yes,27.3,No,Yes,Yes,12,19,No,Male,55-64,Hispanic,Yes,No,Excellent,8,No,Yes,Yes,46,12/10/2024,Phoenix,IL,USA,Medication C,None
321,Yes,37.1,Yes,Yes,No,20,7,Yes,Male,18-24,Other,Yes,No,Excellent,6,No,No,No,41,28/09/2024,Los Angeles,IL,USA,Medication A,None
322,No,19.0,No,Yes,Yes,3,4,No,Female,18-24,Other,No,Yes,Good,7,Yes,No,No,81,29/09/2024,Los Angeles,IL,USA,None,None
323,Yes,29.5,No,No,Yes,13,6,Yes,Female,55-64,Hispanic,Yes,Yes,Poor,8,No,Yes,Yes,77,09/10/2024,Chicago,TX,USA,Medication A,Hypertension
324,Yes,34.4,Yes,Yes,No,13,17,No,Male,65+,Other,Yes,No,Poor,4,No,No,No,18,08/10/2024,Phoenix,TX,USA,Medication C,Diabetes
325,No,22.3,Yes,No,Yes,3,1,No,Female,35-44,Asian,No,Yes,Good,8,No,No,No,65,25/09/2024,Los Angeles,AZ,USA,Medication A,None
326,No,24.6,No,No,No,0,2,Yes,Male,55-64,Hispanic,No,Yes,Good,6,No,No,Yes,63,30/09/2024,Los Angeles,NY,USA,Medication C,None
327,Yes,27.6,Yes,Yes,No,17,6,Yes,Male,65+,White,No,No,Very good,8,Yes,No,Yes,74,01/10/2024,Phoenix,TX,USA,Medication A,Hypertension
328,No,19.6,No,No,No,0,1,Yes,Male,55-64,Other,No,Yes,Excellent,7,Yes,No,Yes,41,28/09/2024,Houston,AZ,USA,Medication B,No prior conditions
329,Yes,33.8,Yes,No,No,7,29,No,Male,55-64,White,No,No,Excellent,5,Yes,Yes,Yes,78,10/10/2024,Phoenix,CA,USA,None,No prior conditions
330,Yes,30.5,Yes,No,Yes,29,16,No,Female,35-44,White,No,Yes,Poor,7,No,No,Yes,50,26/09/2024,Houston,TX,USA,None,No prior conditions
331,No,23.4,No,Yes,No,0,0,No,Male,35-44,Hispanic,No,Yes,Fair,4,No,Yes,No,50,06/10/2024,New York,CA,USA,Medication A,Hypertension
332,Yes,34.5,Yes,Yes,No,18,29,No,Male,65+,Black,No,No,Fair,7,Yes,No,Yes,73,26/09/2024,New York,CA,USA,Medication A,Hypertension
333,No,20.8,No,No,Yes,3,4,Yes,Female,18-24,White,No,Yes,Good,6,No,Yes,No,58,24/09/2024,Houston,CA,USA,Medication A,Diabetes
334,Yes,30.1,Yes,No,Yes,18,14,No,Male,45-54,White,No,No,Good,6,No,Yes,Yes,81,16/10/2024,Phoenix,TX,USA,Medication C,No prior conditions
335,Yes,36.8,No,Yes,No,28,20,No,Male,18-24,Black,Yes,Yes,Very good,8,No,Yes,Yes,72,02/10/2024,Chicago,CA,USA,Medication A,Hypertension
336,No,23.6,No,No,Yes,0,4,No,Female,35-44,Asian,No,Yes,Very good,5,No,No,No,34,15/10/2024,Los Angeles,AZ,USA,Medication A,No prior conditions
337,No,20.6,No,No,No,4,0,Yes,Male,35-44,Black,No,Yes,Poor,4,Yes,No,No,82,12/10/2024,New York,AZ,USA,Medication A,Diabetes
338,No,24.0,No,No,No,2,1,No,Male,65+,Asian,No,No,Fair,6,Yes,Yes,No,57,29/09/2024,New York,AZ,USA,Medication B,None
339,Yes,32.9,No,No,Yes,8,5,No,Female,35-44,Asian,No,No,Very good,6,No,No,Yes,24,28/09/2024,Houston,TX,USA,Medication A,No prior conditions
340,Yes,34.5,Yes,No,Yes,11,25,No,Female,35-44,Black,Yes,Yes,Fair,4,No,Yes,Yes,64,19/10/2024,Chicago,TX,USA,None,None
341,Yes,36.1,Yes,No,No,29,16,Yes,Female,35-44,White,Yes,Yes,Very good,8,Yes,Yes,No,36,30/09/2024,Phoenix,IL,USA,Medication C,None
342,Yes,32.0,Yes,Yes,No,8,7,No,Male,65+,Asian,Yes,No,Excellent,6,No,No,Yes,27,06/10/2024,Chicago,NY,USA,None,Diabetes
343,No,21.1,Yes,Yes,Yes,1,1,Yes,Female,65+,Black,Yes,No,Good,7,No,No,Yes,80,17/10/2024,Houston,IL,USA,None,Diabetes
344,No,23.6,No,Yes,Yes,4,4,Yes,Female,65+,Other,No,Yes,Very good,4,Yes,No,Yes,29,16/10/2024,Chicago,CA,USA,Medication C,None
345,No,24.7,Yes,No,No,3,3,Yes,Male,35-44,White,No,Yes,Very good,5,Yes,No,No,18,15/10/2024,Los Angeles,TX,USA,None,No prior conditions
346,Yes,29.1,Yes,Yes,No,16,22,No,Female,25-34,Asian,No,No,Poor,8,Yes,Yes,No,80,16/10/2024,Phoenix,TX,USA,Medication C,None
347,No,19.9,No,No,No,2,2,Yes,Male,25-34,Hispanic,Yes,No,Excellent,7,No,No,No,56,02/10/2024,Phoenix,CA,USA,Medication C,Hypertension
348,No,21.1,Yes,No,Yes,2,1,Yes,Male,55-64,White,No,Yes,Good,5,Yes,No,Yes,73,06/10/2024,Chicago,TX,USA,Medication C,Hypertension
349,No,18.9,No,Yes,No,2,1,Yes,Female,25-34,Other,No,No,Excellent,6,No,Yes,Yes,76,18/10/2024,New York,TX,USA,Medication C,Hypertension
350,No,20.2,Yes,Yes,Yes,2,4,Yes,Female,18-24,Other,No,Yes,Good,5,No,Yes,Yes,30,26/09/2024,Los Angeles,AZ,USA,Medication B,Hypertension
351,Yes,31.1,Yes,No,Yes,29,27,Yes,Female,55-64,Black,No,Yes,Excellent,4,Yes,Yes,Yes,55,08/10/2024,Phoenix,NY,USA,Medication C,Diabetes
352,Yes,39.4,Yes,Yes,Yes,18,20,No,Male,45-54,Other,Yes,No,Excellent,7,No,Yes,No,83,06/10/2024,Phoenix,IL,USA,None,No prior conditions
353,No,22.9,Yes,Yes,No,4,0,No,Male,65+,Hispanic,No,No,Poor,6,No,Yes,No,37,12/10/2024,New York,CA,USA,None,Diabetes
354,Yes,30.3,Yes,No,No,18,21,No,Male,35-44,Black,No,Yes,Fair,7,Yes,No,No,57,14/10/2024,Chicago,AZ,USA,Medication A,Hypertension
355,No,24.2,No,No,Yes,4,1,Yes,Female,65+,Other,No,No,Excellent,4,No,No,No,21,15/10/2024,New York,CA,USA,Medication C,None
356,Yes,30.1,Yes,Yes,Yes,26,8,No,Female,25-34,Asian,No,Yes,Good,6,Yes,No,Yes,73,04/10/2024,Houston,IL,USA,Medication C,Hypertension
357,Yes,32.1,Yes,No,No,13,16,Yes,Female,65+,White,Yes,No,Good,6,Yes,No,No,47,20/10/2024,New York,NY,USA,Medication A,None
358,No,22.8,Yes,Yes,No,1,4,Yes,Female,18-24,Hispanic,No,Yes,Poor,4,Yes,No,Yes,55,21/10/2024,Los Angeles,TX,USA,Medication A,No prior conditions
359,No,24.2,No,Yes,Yes,4,0,No,Male,65+,Hispanic,No,No,Fair,6,Yes,Yes,Yes,44,10/10/2024,Phoenix,IL,USA,None,Hypertension
360,No,23.5,Yes,No,No,3,1,No,Male,45-54,Hispanic,No,Yes,Good,6,Yes,No,No,53,23/09/2024,Chicago,IL,USA,None,Hypertension
361,No,18.9,No,No,No,2,3,Yes,Female,35-44,Asian,No,Yes,Poor,4,Yes,Yes,Yes,35,13/10/2024,Houston,CA,USA,Medication B,Hypertension
362,Yes,25.3,Yes,Yes,No,26,26,Yes,Female,35-44,Other,Yes,No,Good,6,No,Yes,No,18,10/10/2024,Los Angeles,TX,USA,Medication A,Hypertension
363,No,20.8,Yes,No,No,1,3,No,Male,45-54,White,No,No,Very good,8,No,Yes,Yes,28,30/09/2024,Phoenix,TX,USA,Medication A,No prior conditions
364,Yes,25.5,Yes,Yes,Yes,8,21,No,Female,45-54,White,No,No,Excellent,8,Yes,No,No,70,16/10/2024,Phoenix,TX,USA,Medication C,Hypertension
365,No,20.0,No,No,No,2,0,No,Male,45-54,Asian,No,No,Fair,4,No,No,Yes,84,16/10/2024,Chicago,AZ,USA,Medication B,None
366,Yes,26.6,Yes,No,No,24,9,Yes,Male,65+,Black,Yes,Yes,Excellent,4,No,No,Yes,24,25/09/2024,Chicago,IL,USA,Medication C,No prior conditions
367,No,23.8,No,Yes,Yes,1,2,Yes,Male,18-24,Other,No,Yes,Excellent,7,No,No,No,28,24/09/2024,Chicago,IL,USA,None,Diabetes
368,Yes,29.6,Yes,No,Yes,9,17,Yes,Female,55-64,Hispanic,No,Yes,Very good,5,Yes,No,No,74,23/09/2024,Houston,AZ,USA,None,Hypertension
369,Yes,35.2,No,Yes,Yes,6,27,No,Female,65+,Black,No,No,Fair,6,Yes,Yes,Yes,78,05/10/2024,Chicago,NY,USA,None,Hypertension
370,No,22.6,No,No,No,0,0,Yes,Female,55-64,Asian,No,Yes,Excellent,4,No,Yes,No,28,20/10/2024,Los Angeles,AZ,USA,Medication B,None
371,No,24.0,No,Yes,No,4,4,Yes,Female,25-34,Other,No,No,Poor,5,Yes,Yes,Yes,56,26/09/2024,Chicago,NY,USA,Medication A,No prior conditions
372,Yes,34.0,No,Yes,Yes,25,27,Yes,Female,35-44,Other,No,Yes,Good,8,No,Yes,No,70,19/10/2024,Chicago,CA,USA,Medication C,Hypertension
373,No,23.2,Yes,No,No,0,3,No,Female,65+,Other,No,No,Good,7,Yes,Yes,No,70,11/10/2024,Los Angeles,CA,USA,Medication A,No prior conditions
374,No,21.7,Yes,Yes,No,0,3,No,Female,65+,Black,Yes,Yes,Poor,5,No,Yes,Yes,54,08/10/2024,Houston,IL,USA,Medication C,No prior conditions
375,Yes,34.0,No,No,Yes,28,5,Yes,Female,25-34,Black,No,No,Good,6,Yes,Yes,Yes,74,18/10/2024,Phoenix,AZ,USA,Medication A,None
376,No,20.1,Yes,Yes,No,4,1,No,Male,65+,Asian,No,Yes,Very good,7,Yes,No,No,25,02/10/2024,Chicago,AZ,USA,Medication C,None
377,No,21.3,No,Yes,No,1,3,Yes,Male,55-64,Hispanic,No,Yes,Poor,5,No,No,Yes,46,14/10/2024,New York,AZ,USA,None,Diabetes
378,No,23.1,No,Yes,Yes,1,3,No,Female,65+,Black,No,Yes,Very good,6,Yes,Yes,No,35,18/10/2024,Los Angeles,AZ,USA,Medication B,Hypertension
379,No,23.9,No,No,Yes,3,1,No,Male,45-54,White,No,No,Fair,6,Yes,Yes,No,62,04/10/2024,New York,TX,USA,None,Hypertension
380,No,18.6,No,No,Yes,3,4,No,Male,65+,Black,No,No,Good,6,Yes,Yes,Yes,84,14/10/2024,Phoenix,TX,USA,None,Diabetes
381,No,19.6,No,Yes,No,2,1,No,Female,35-44,Black,No,Yes,Very good,8,Yes,Yes,No,66,06/10/2024,Houston,CA,USA,Medication A,None
382,Yes,38.8,Yes,No,Yes,20,25,No,Male,55-64,Other,No,Yes,Good,5,Yes,No,No,26,13/10/2024,New York,TX,USA,Medication C,None
383,Yes,26.0,Yes,No,No,23,26,Yes,Female,35-44,White,Yes,No,Fair,7,No,No,No,30,11/10/2024,New York,NY,USA,None,No prior conditions
384,No,23.3,Yes,Yes,No,3,4,No,Female,25-34,Hispanic,No,No,Excellent,6,Yes,No,Yes,78,26/09/2024,Los Angeles,AZ,USA,None,None
385,No,20.1,No,Yes,No,2,4,No,Male,65+,White,No,No,Good,4,No,No,Yes,61,10/10/2024,Houston,TX,USA,Medication A,No prior conditions
386,Yes,27.3,Yes,Yes,No,7,26,No,Male,55-64,Hispanic,Yes,Yes,Fair,8,Yes,Yes,Yes,32,27/09/2024,Phoenix,CA,USA,None,Diabetes
387,No,20.2,Yes,No,Yes,2,1,Yes,Male,25-34,Asian,No,Yes,Poor,7,Yes,No,Yes,32,20/10/2024,Houston,TX,USA,Medication C,No prior conditions
388,No,22.3,No,Yes,Yes,3,0,No,Male,35-44,Other,No,No,Good,4,Yes,No,No,23,27/09/2024,Houston,NY,USA,Medication B,Diabetes
389,Yes,33.7,No,Yes,Yes,28,17,Yes,Male,18-24,Asian,No,Yes,Poor,8,Yes,Yes,Yes,41,23/09/2024,Phoenix,IL,USA,Medication B,Diabetes
390,No,22.3,No,No,No,3,4,Yes,Female,45-54,Black,No,No,Fair,6,Yes,No,No,78,04/10/2024,New York,AZ,USA,Medication A,Diabetes
391,No,21.3,No,Yes,No,3,1,No,Male,25-34,Black,No,Yes,Poor,6,Yes,Yes,No,68,13/10/2024,New York,TX,USA,Medication B,Diabetes
392,Yes,27.5,No,No,Yes,22,18,Yes,Male,65+,Other,Yes,No,Very good,5,No,Yes,Yes,62,23/09/2024,Phoenix,IL,USA,None,None
393,No,24.8,No,Yes,Yes,4,0,Yes,Female,35-44,Asian,No,No,Excellent,6,Yes,Yes,Yes,38,17/10/2024,New York,NY,USA,Medication A,Hypertension
394,No,19.9,No,No,Yes,3,0,No,Female,65+,White,No,Yes,Poor,6,No,Yes,No,62,24/09/2024,Houston,CA,USA,Medication C,Diabetes
395,No,21.0,Yes,Yes,Yes,1,3,Yes,Male,55-64,Asian,No,No,Very good,6,Yes,Yes,No,30,29/09/2024,New York,NY,USA,None,No prior conditions
396,No,21.4,No,Yes,Yes,0,3,Yes,Male,25-34,Hispanic,No,No,Excellent,6,Yes,Yes,No,73,24/09/2024,Chicago,AZ,USA,Medication B,Hypertension
397,No,20.8,No,Yes,Yes,4,4,No,Male,65+,Black,No,Yes,Fair,5,Yes,No,No,22,05/10/2024,Houston,CA,USA,None,No prior conditions
398,Yes,36.8,No,No,No,17,16,Yes,Female,35-44,White,No,Yes,Fair,8,Yes,Yes,No,25,02/10/2024,Phoenix,NY,USA,Medication A,No prior conditions
399,No,20.6,No,No,No,4,4,No,Female,65+,Black,No,No,Good,4,No,Yes,Yes,49,30/09/2024,Chicago,AZ,USA,None,No prior conditions
400,Yes,32.1,Yes,Yes,Yes,28,24,No,Male,18-24,Asian,No,Yes,Very good,6,Yes,Yes,Yes,75,18/10/2024,Houston,TX,USA,Medication B,Diabetes
401,Yes,27.2,Yes,Yes,Yes,15,23,Yes,Female,25-34,Other,No,No,Excellent,7,Yes,Yes,Yes,21,29/09/2024,Los Angeles,NY,USA,Medication B,Hypertension
402,No,21.5,No,No,No,1,3,No,Male,35-44,White,No,No,Good,6,Yes,No,No,75,20/10/2024,New York,CA,USA,Medication B,Diabetes
403,No,21.8,No,Yes,Yes,3,2,No,Male,25-34,Other,No,Yes,Good,7,No,Yes,Yes,22,22/09/2024,New York,CA,USA,Medication B,None
404,Yes,25.6,Yes,Yes,No,30,10,Yes,Female,65+,Asian,Yes,Yes,Fair,7,No,Yes,No,46,07/10/2024,Houston,NY,USA,Medication A,Diabetes
405,Yes,28.8,Yes,Yes,Yes,16,16,No,Female,35-44,Hispanic,No,Yes,Poor,5,No,Yes,No,81,26/09/2024,Chicago,TX,USA,Medication A,No prior conditions
406,No,24.8,No,No,No,2,1,Yes,Male,45-54,Other,No,Yes,Excellent,5,No,No,No,69,07/10/2024,Los Angeles,IL,USA,None,None
407,Yes,36.0,No,No,Yes,20,22,Yes,Female,35-44,Other,Yes,No,Fair,6,Yes,No,Yes,68,25/09/2024,Houston,CA,USA,Medication A,Hypertension
408,Yes,26.0,Yes,Yes,No,29,29,No,Male,35-44,Asian,No,No,Fair,6,Yes,Yes,Yes,36,27/09/2024,New York,CA,USA,Medication B,Diabetes
409,Yes,40.0,Yes,No,No,23,6,No,Male,35-44,White,Yes,No,Poor,4,No,Yes,No,72,18/10/2024,Los Angeles,IL,USA,Medication C,None
410,Yes,37.4,Yes,Yes,Yes,14,12,Yes,Male,55-64,Asian,No,Yes,Very good,6,Yes,Yes,No,57,18/10/2024,New York,AZ,USA,None,Diabetes
411,Yes,39.4,Yes,No,No,17,16,Yes,Male,35-44,Other,Yes,Yes,Very good,5,Yes,Yes,Yes,77,26/09/2024,Chicago,NY,USA,Medication C,Diabetes
412,Yes,39.1,Yes,Yes,No,23,11,No,Male,45-54,Black,No,No,Excellent,5,Yes,Yes,No,48,02/10/2024,Chicago,TX,USA,Medication B,Diabetes
413,No,23.7,No,Yes,Yes,0,4,No,Male,18-24,Black,No,No,Poor,7,No,No,Yes,69,02/10/2024,Los Angeles,NY,USA,Medication C,No prior conditions
414,Yes,27.4,No,No,No,23,13,Yes,Female,45-54,Other,Yes,No,Poor,6,Yes,Yes,No,72,26/09/2024,New York,IL,USA,None,No prior conditions
415,No,21.7,No,Yes,No,4,0,No,Male,18-24,White,No,No,Good,5,Yes,No,Yes,24,24/09/2024,Phoenix,AZ,USA,Medication A,No prior conditions
416,No,24.6,No,Yes,Yes,4,1,Yes,Female,65+,Other,No,Yes,Poor,5,No,Yes,Yes,62,18/10/2024,Chicago,NY,USA,Medication B,Hypertension
417,Yes,29.8,Yes,No,Yes,5,22,No,Male,55-64,Black,Yes,No,Excellent,6,Yes,Yes,No,42,25/09/2024,Los Angeles,CA,USA,None,Diabetes
418,No,22.5,No,No,Yes,3,4,Yes,Male,55-64,Hispanic,No,No,Poor,5,No,No,No,27,04/10/2024,Los Angeles,IL,USA,Medication A,Diabetes
419,No,23.2,No,Yes,Yes,1,0,Yes,Female,55-64,Other,No,Yes,Good,5,Yes,Yes,No,69,20/10/2024,Houston,TX,USA,Medication C,Diabetes
420,No,24.6,Yes,No,No,3,0,No,Male,18-24,Other,No,No,Very good,8,No,Yes,No,39,05/10/2024,Chicago,TX,USA,Medication B,Diabetes
421,Yes,37.6,Yes,No,No,24,17,No,Female,45-54,Hispanic,Yes,Yes,Poor,4,Yes,Yes,No,78,18/10/2024,New York,CA,USA,Medication A,Hypertension
422,Yes,26.7,No,No,Yes,27,24,No,Male,25-34,White,No,No,Poor,7,No,Yes,No,75,16/10/2024,Chicago,NY,USA,Medication C,Diabetes
423,Yes,26.3,Yes,Yes,Yes,30,10,No,Male,55-64,Asian,No,No,Excellent,5,Yes,Yes,No,47,01/10/2024,Houston,CA,USA,None,Hypertension
424,Yes,34.4,No,No,Yes,12,8,No,Male,18-24,Black,Yes,Yes,Good,7,Yes,Yes,No,49,18/10/2024,Phoenix,AZ,USA,None,None
425,No,20.2,No,Yes,No,0,3,No,Male,65+,Black,No,No,Poor,6,Yes,No,No,59,24/09/2024,Los Angeles,TX,USA,None,No prior conditions
426,Yes,27.4,Yes,No,Yes,17,20,No,Male,45-54,Asian,No,Yes,Excellent,4,Yes,Yes,Yes,69,15/10/2024,New York,TX,USA,Medication B,No prior conditions
427,Yes,34.1,Yes,Yes,No,10,22,Yes,Female,55-64,Asian,Yes,Yes,Good,5,No,Yes,No,26,22/09/2024,Los Angeles,NY,USA,Medication B,Hypertension
428,No,19.7,No,Yes,No,2,4,Yes,Male,35-44,Asian,Yes,Yes,Fair,4,Yes,Yes,No,51,10/10/2024,Houston,TX,USA,Medication C,No prior conditions
429,Yes,28.3,Yes,No,Yes,19,9,Yes,Female,45-54,Asian,Yes,No,Good,8,Yes,No,Yes,24,16/10/2024,New York,CA,USA,Medication A,No prior conditions
430,Yes,28.9,Yes,Yes,Yes,25,6,Yes,Female,18-24,Black,No,Yes,Fair,8,No,No,No,81,28/09/2024,Chicago,CA,USA,Medication C,Hypertension
431,Yes,26.1,Yes,Yes,No,28,20,No,Male,25-34,Other,Yes,Yes,Fair,6,Yes,No,Yes,62,12/10/2024,Phoenix,CA,USA,Medication A,Hypertension
432,No,24.1,Yes,No,No,2,3,Yes,Female,25-34,Other,No,Yes,Good,4,Yes,Yes,Yes,82,29/09/2024,Phoenix,IL,USA,Medication A,None
433,Yes,33.8,No,No,No,26,30,No,Female,25-34,Hispanic,Yes,Yes,Good,7,Yes,Yes,Yes,51,07/10/2024,Houston,TX,USA,Medication A,No prior conditions
434,No,21.7,Yes,Yes,No,3,4,Yes,Female,35-44,Other,No,Yes,Excellent,7,Yes,Yes,Yes,63,27/09/2024,Los Angeles,TX,USA,Medication C,No prior conditions
435,No,24.9,No,No,No,1,3,No,Male,45-54,White,No,Yes,Good,8,Yes,Yes,Yes,38,05/10/2024,Phoenix,CA,USA,Medication B,Diabetes
436,No,22.8,No,No,No,2,4,Yes,Male,55-64,White,No,No,Very good,7,No,Yes,Yes,58,06/10/2024,Los Angeles,AZ,USA,Medication A,Diabetes
437,No,19.5,No,Yes,Yes,4,2,No,Female,45-54,Asian,No,Yes,Poor,7,No,Yes,Yes,21,28/09/2024,Phoenix,AZ,USA,Medication C,None
438,No,18.6,No,Yes,Yes,0,0,No,Female,25-34,Hispanic,No,No,Good,5,No,Yes,No,40,24/09/2024,Phoenix,IL,USA,Medication B,Hypertension
439,Yes,31.1,Yes,Yes,No,10,12,Yes,Female,35-44,Black,Yes,Yes,Fair,8,Yes,No,No,45,18/10/2024,Phoenix,AZ,USA,Medication C,Hypertension
440,No,22.7,Yes,No,Yes,0,4,Yes,Male,65+,Other,Yes,No,Fair,5,Yes,Yes,Yes,42,17/10/2024,Los Angeles,CA,USA,None,No prior conditions
441,No,23.5,Yes,Yes,Yes,3,0,No,Female,25-34,Other,No,No,Good,8,Yes,Yes,No,32,01/10/2024,New York,AZ,USA,Medication A,Hypertension
442,No,24.6,No,No,No,2,1,No,Male,18-24,Black,No,No,Poor,7,No,Yes,No,26,10/10/2024,Phoenix,TX,USA,Medication C,Hypertension
443,Yes,26.6,Yes,Yes,Yes,20,11,Yes,Male,45-54,White,Yes,Yes,Poor,4,No,Yes,Yes,27,11/10/2024,Los Angeles,IL,USA,Medication A,None
444,No,20.0,No,Yes,Yes,1,4,No,Female,35-44,Asian,No,No,Excellent,6,No,No,No,52,25/09/2024,New York,CA,USA,Medication B,Diabetes
445,No,22.3,Yes,Yes,Yes,0,3,Yes,Female,65+,Hispanic,No,Yes,Excellent,5,Yes,No,Yes,82,17/10/2024,Los Angeles,NY,USA,None,Diabetes
446,Yes,29.8,No,Yes,Yes,17,28,No,Female,25-34,White,Yes,Yes,Excellent,7,Yes,Yes,No,28,18/10/2024,Chicago,CA,USA,None,Diabetes
447,No,24.0,Yes,No,No,3,4,Yes,Male,35-44,Hispanic,No,Yes,Poor,7,Yes,No,No,62,24/09/2024,Phoenix,TX,USA,Medication C,None
448,No,22.9,No,No,No,2,1,Yes,Male,65+,Asian,Yes,No,Fair,6,Yes,Yes,No,62,15/10/2024,Los Angeles,NY,USA,Medication C,No prior conditions
449,Yes,39.6,Yes,No,No,27,16,No,Male,18-24,Other,No,No,Excellent,7,No,Yes,No,72,07/10/2024,Phoenix,TX,USA,Medication B,None
450,No,19.4,No,No,No,3,1,Yes,Female,18-24,Asian,No,Yes,Good,6,Yes,No,No,49,08/10/2024,Chicago,AZ,USA,Medication B,No prior conditions
451,Yes,38.7,No,No,Yes,19,10,No,Male,45-54,White,Yes,Yes,Excellent,5,No,No,Yes,45,27/09/2024,Los Angeles,CA,USA,Medication A,None
452,No,19.0,No,Yes,Yes,3,0,No,Male,35-44,Other,Yes,No,Good,5,No,No,Yes,68,27/09/2024,New York,AZ,USA,None,None
453,No,20.4,Yes,Yes,No,0,3,No,Female,25-34,Asian,No,Yes,Good,5,No,Yes,Yes,41,21/10/2024,Phoenix,IL,USA,Medication A,No prior conditions
454,No,20.4,Yes,No,No,2,3,Yes,Male,25-34,Other,Yes,No,Fair,8,Yes,Yes,No,18,14/10/2024,Phoenix,AZ,USA,None,Hypertension
455,Yes,25.7,Yes,No,Yes,13,28,No,Male,55-64,Other,Yes,Yes,Good,7,Yes,No,Yes,26,25/09/2024,Chicago,TX,USA,Medication C,Diabetes
456,Yes,29.3,Yes,Yes,No,29,15,Yes,Female,25-34,Hispanic,Yes,Yes,Excellent,4,Yes,Yes,Yes,81,26/09/2024,Phoenix,TX,USA,Medication B,Hypertension
457,Yes,31.4,Yes,No,Yes,7,27,Yes,Male,45-54,Hispanic,No,No,Fair,4,Yes,No,No,79,06/10/2024,Houston,TX,USA,Medication C,Diabetes
458,Yes,28.7,No,No,Yes,8,20,Yes,Female,18-24,White,No,Yes,Fair,5,Yes,Yes,Yes,18,11/10/2024,New York,AZ,USA,Medication B,No prior conditions
459,No,19.4,No,Yes,Yes,4,3,No,Male,25-34,Asian,No,No,Poor,8,No,No,Yes,82,12/10/2024,Houston,NY,USA,None,No prior conditions
460,Yes,29.1,Yes,No,No,17,7,No,Male,55-64,Black,Yes,Yes,Good,8,Yes,Yes,No,58,05/10/2024,New York,NY,USA,None,Hypertension
461,Yes,28.5,Yes,No,Yes,26,15,Yes,Female,45-54,Asian,No,No,Excellent,4,No,Yes,Yes,23,16/10/2024,Chicago,IL,USA,Medication B,None
462,Yes,38.0,Yes,No,Yes,20,28,Yes,Female,65+,Other,No,Yes,Good,5,Yes,No,Yes,61,19/10/2024,Houston,TX,USA,Medication C,None
463,No,19.9,No,No,Yes,0,3,Yes,Male,45-54,White,No,Yes,Excellent,4,No,No,Yes,66,13/10/2024,Houston,IL,USA,Medication B,No prior conditions
464,No,19.0,Yes,No,Yes,0,1,Yes,Male,45-54,White,No,No,Very good,4,Yes,No,No,22,10/10/2024,Chicago,IL,USA,Medication A,Hypertension
465,No,21.4,Yes,No,Yes,4,3,Yes,Female,45-54,Black,No,No,Poor,8,Yes,Yes,Yes,45,29/09/2024,New York,TX,USA,Medication C,None
466,No,20.4,No,Yes,Yes,4,2,No,Female,45-54,Other,No,No,Fair,8,Yes,Yes,Yes,76,27/09/2024,Phoenix,AZ,USA,Medication C,None
467,No,20.4,No,No,No,4,3,No,Male,45-54,Other,No,Yes,Poor,4,Yes,No,No,82,08/10/2024,Houston,CA,USA,Medication A,None
468,Yes,29.8,Yes,No,Yes,15,14,Yes,Female,18-24,White,Yes,Yes,Very good,8,No,No,Yes,23,10/10/2024,Houston,TX,USA,Medication C,None
469,Yes,25.4,Yes,No,Yes,29,27,No,Male,18-24,White,Yes,No,Poor,7,No,Yes,No,57,01/10/2024,Chicago,CA,USA,None,Diabetes
470,No,22.9,No,No,Yes,0,1,No,Male,55-64,Black,No,No,Poor,7,Yes,No,Yes,64,30/09/2024,Phoenix,CA,USA,Medication B,Hypertension
471,No,24.9,No,Yes,No,3,1,No,Male,25-34,Black,No,Yes,Very good,4,Yes,No,No,59,14/10/2024,New York,AZ,USA,None,Hypertension
472,Yes,29.5,No,No,No,18,25,No,Female,65+,Hispanic,No,No,Poor,8,Yes,No,Yes,63,17/10/2024,Los Angeles,TX,USA,Medication C,No prior conditions
473,No,21.1,No,Yes,Yes,1,3,Yes,Female,35-44,White,No,Yes,Poor,6,Yes,No,No,67,27/09/2024,New York,TX,USA,None,Hypertension
474,No,19.4,No,No,Yes,3,2,Yes,Male,18-24,Black,No,No,Very good,6,No,No,No,69,27/09/2024,Chicago,TX,USA,Medication A,Hypertension
475,Yes,37.9,Yes,Yes,Yes,11,25,No,Male,35-44,Other,No,No,Very good,8,No,Yes,Yes,26,05/10/2024,Houston,CA,USA,Medication C,No prior conditions
476,No,20.2,No,No,Yes,2,1,Yes,Male,55-64,Hispanic,No,Yes,Fair,6,Yes,No,No,67,08/10/2024,Phoenix,AZ,USA,Medication B,None
477,No,23.4,Yes,No,No,1,3,No,Female,25-34,White,No,Yes,Excellent,7,No,No,Yes,51,26/09/2024,Houston,NY,USA,Medication B,Diabetes
478,No,24.3,Yes,Yes,Yes,0,3,Yes,Female,18-24,Black,No,Yes,Excellent,5,No,No,Yes,22,14/10/2024,Chicago,TX,USA,Medication B,Diabetes
479,No,19.3,No,Yes,No,1,1,Yes,Female,65+,White,No,No,Very good,5,No,Yes,Yes,65,17/10/2024,New York,NY,USA,Medication A,Hypertension
480,Yes,37.7,No,No,No,28,20,Yes,Male,18-24,Hispanic,Yes,Yes,Excellent,5,No,Yes,No,65,26/09/2024,Houston,CA,USA,Medication B,Diabetes
481,No,24.5,No,No,Yes,1,2,Yes,Female,65+,Asian,No,Yes,Good,5,Yes,No,No,79,08/10/2024,Los Angeles,CA,USA,None,Diabetes
482,Yes,29.1,No,No,No,15,22,No,Female,65+,White,No,Yes,Good,4,Yes,No,No,71,08/10/2024,Chicago,IL,USA,None,No prior conditions
483,No,23.3,No,No,Yes,2,1,Yes,Female,25-34,White,No,No,Good,8,Yes,Yes,No,66,22/09/2024,New York,AZ,USA,Medication C,Hypertension
484,No,20.3,No,No,Yes,3,4,No,Female,25-34,White,No,No,Fair,5,Yes,Yes,Yes,32,08/10/2024,Phoenix,IL,USA,Medication B,Hypertension
485,No,21.2,No,Yes,No,3,3,No,Female,65+,White,No,No,Excellent,8,Yes,No,No,21,23/09/2024,New York,NY,USA,Medication A,No prior conditions
486,Yes,25.6,Yes,No,No,7,19,Yes,Male,35-44,Black,No,No,Poor,8,Yes,Yes,Yes,29,07/10/2024,Los Angeles,CA,USA,None,Hypertension
487,No,20.1,No,No,No,1,1,No,Female,35-44,Asian,No,Yes,Very good,6,No,No,No,20,24/09/2024,Houston,TX,USA,Medication C,Diabetes
488,No,19.8,No,No,Yes,1,2,No,Male,25-34,Other,No,Yes,Excellent,4,Yes,No,No,52,05/10/2024,New York,TX,USA,None,No prior conditions
489,No,22.7,Yes,Yes,Yes,4,4,No,Male,18-24,White,No,No,Fair,6,Yes,Yes,Yes,32,26/09/2024,Los Angeles,AZ,USA,None,Hypertension
490,Yes,36.3,Yes,No,No,12,29,No,Female,45-54,Other,No,No,Poor,8,Yes,Yes,Yes,80,30/09/2024,Los Angeles,NY,USA,Medication C,Diabetes
491,No,18.8,No,No,No,1,2,Yes,Male,55-64,Black,No,No,Very good,4,No,Yes,Yes,60,10/10/2024,Los Angeles,IL,USA,None,Hypertension
492,Yes,35.9,No,No,Yes,26,13,Yes,Male,55-64,Asian,No,No,Poor,7,No,No,No,59,21/10/2024,Chicago,NY,USA,None,Diabetes
493,Yes,35.9,Yes,Yes,No,24,23,No,Female,35-44,Hispanic,No,Yes,Very good,8,No,No,No,79,07/10/2024,Chicago,NY,USA,Medication A,No prior conditions
494,No,19.6,No,Yes,No,4,4,No,Male,25-34,Hispanic,No,No,Good,5,Yes,Yes,Yes,73,17/10/2024,New York,AZ,USA,Medication C,Hypertension
495,Yes,26.8,Yes,No,No,28,13,No,Female,18-24,Hispanic,Yes,Yes,Very good,7,No,Yes,Yes,59,27/09/2024,New York,IL,USA,Medication C,Hypertension
496,Yes,30.9,No,No,No,14,24,No,Female,18-24,Hispanic,No,No,Very good,4,Yes,Yes,No,66,21/10/2024,New York,TX,USA,Medication B,No prior conditions
497,No,24.6,No,Yes,No,3,0,No,Male,35-44,Hispanic,No,No,Fair,6,Yes,No,Yes,34,29/09/2024,Houston,TX,USA,None,No prior conditions
498,Yes,30.6,Yes,Yes,Yes,22,29,No,Male,35-44,Asian,No,Yes,Fair,5,No,Yes,No,32,26/09/2024,Houston,CA,USA,Medication A,Diabetes
499,No,20.2,Yes,Yes,No,2,1,Yes,Female,45-54,White,Yes,No,Fair,7,Yes,No,No,42,05/10/2024,New York,IL,USA,Medication B,Diabetes
500,Yes,36.1,Yes,No,No,5,5,Yes,Male,65+,Hispanic,No,Yes,Excellent,8,Yes,Yes,Yes,52,19/10/2024,Phoenix,CA,USA,Medication C,Diabetes
