Patient ID,HeartDisease,BMI,Smoking,AlcoholDrinking,Stroke,PhysicalHealth,MentalHealth,DiffWalking,Gender,AgeCategory,Race,Diabetic,PhysicalActivity,GenHealth,SleepTime,Asthma,KidneyDisease,SkinCancer,Age,DateOfLastUpdate,City,State,Country,PrescribedMedication,MedicalHistory
501,Yes,37,Yes,No,No,23,28,Yes,Female,25-34,White,No,No,Very good,4,Yes,No,Yes,82,11/10/24,Houston,CA,USA,None,Hypertension
502,No,19.7,No,No,No,0,3,Yes,Female,18-24,White,No,No,Very good,6,Yes,Yes,No,52,29/09/24,Chicago,AZ,USA,None,No prior conditions
503,No,20,No,Yes,No,2,1,Yes,Female,65+,Hispanic,No,Yes,Excellent,5,Yes,No,Yes,65,12/10/24,Houston,IL,USA,Medication C,No prior conditions
504,Yes,29.1,Yes,Yes,Yes,15,8,Yes,Male,18-24,White,No,Yes,Fair,6,No,No,Yes,79,20/10/24,Phoenix,IL,USA,None,Hypertension
505,No,18.9,No,Yes,Yes,1,0,Yes,Male,18-24,Black,No,Yes,Fair,5,No,No,Yes,67,18/10/24,Los Angeles,CA,USA,Medication B,Diabetes
506,No,19.4,No,Yes,Yes,1,3,Yes,Female,45-54,Black,No,Yes,Good,4,No,No,No,56,09/10/24,Los Angeles,IL,USA,Medication A,No prior conditions
507,Yes,25.9,No,Yes,No,27,18,No,Female,65+,Other,Yes,Yes,Poor,8,No,Yes,Yes,22,01/10/24,Chicago,AZ,USA,Medication B,Hypertension
508,Yes,26,No,No,No,21,21,No,Male,25-34,Asian,Yes,Yes,Good,7,No,No,No,65,11/10/24,Chicago,IL,USA,Medication A,No prior conditions
509,No,23,Yes,Yes,No,2,4,No,Male,25-34,Black,Yes,Yes,Good,5,No,No,No,48,02/10/24,Houston,CA,USA,None,Hypertension
510,Yes,39.5,No,No,Yes,5,9,No,Female,18-24,Other,No,No,Very good,5,Yes,No,No,18,02/10/24,Phoenix,NY,USA,Medication C,None
511,No,20.8,No,Yes,No,0,1,Yes,Male,65+,Asian,No,No,Fair,4,No,Yes,Yes,82,10/10/24,Chicago,IL,USA,Medication B,Diabetes
512,No,18.6,No,Yes,No,0,1,Yes,Female,18-24,Asian,No,Yes,Excellent,7,Yes,Yes,Yes,80,14/10/24,New York,TX,USA,Medication B,None
513,Yes,33.1,Yes,No,Yes,15,7,Yes,Female,45-54,Hispanic,No,No,Good,8,Yes,No,Yes,55,22/09/24,New York,NY,USA,Medication C,Diabetes
514,Yes,31.3,No,No,No,15,28,No,Male,35-44,White,Yes,No,Very good,5,No,No,No,71,20/10/24,New York,NY,USA,Medication A,None
515,No,19.3,Yes,No,Yes,3,3,No,Female,65+,Black,No,Yes,Fair,8,No,Yes,Yes,22,21/10/24,Los Angeles,NY,USA,Medication C,Hypertension
516,Yes,29.3,Yes,No,No,7,21,No,Male,55-64,Other,No,No,Very good,5,No,Yes,Yes,22,29/09/24,New York,TX,USA,Medication B,Diabetes
517,Yes,38.3,Yes,Yes,Yes,21,29,Yes,Male,25-34,Asian,No,Yes,Excellent,5,Yes,Yes,Yes,73,22/09/24,Houston,TX,USA,None,Diabetes
518,No,19.8,No,Yes,Yes,4,0,No,Male,45-54,Black,No,Yes,Poor,5,Yes,No,Yes,82,30/09/24,Houston,AZ,USA,Medication A,None
519,Yes,30.4,Yes,Yes,No,17,8,Yes,Female,25-34,Other,No,No,Poor,7,Yes,No,Yes,76,08/10/24,Los Angeles,AZ,USA,Medication C,No prior conditions
520,No,22,No,Yes,Yes,4,3,Yes,Male,65+,White,No,No,Poor,8,No,Yes,No,77,16/10/24,New York,NY,USA,Medication A,None
521,Yes,25.9,Yes,Yes,Yes,29,5,No,Male,45-54,Asian,Yes,Yes,Excellent,4,Yes,Yes,No,75,24/09/24,Chicago,NY,USA,Medication C,No prior conditions
522,Yes,28.1,Yes,Yes,Yes,11,24,No,Male,55-64,White,No,Yes,Fair,5,Yes,Yes,No,46,16/10/24,Chicago,TX,USA,Medication B,Hypertension
523,No,20.5,Yes,Yes,No,0,2,No,Male,65+,Black,No,No,Fair,4,No,No,No,47,18/10/24,Chicago,AZ,USA,Medication B,No prior conditions
524,No,23.9,No,Yes,Yes,2,1,Yes,Male,25-34,Black,No,Yes,Very good,5,Yes,No,No,20,16/10/24,Phoenix,TX,USA,Medication B,Diabetes
525,Yes,26.8,Yes,Yes,Yes,14,20,No,Female,45-54,Asian,No,No,Poor,7,No,Yes,No,70,17/10/24,Houston,AZ,USA,None,Diabetes
526,No,20.5,No,No,No,2,3,No,Female,35-44,Black,No,Yes,Fair,8,Yes,No,No,67,12/10/24,Houston,NY,USA,Medication A,Diabetes
527,No,19.5,No,Yes,No,0,0,No,Female,65+,Hispanic,No,No,Very good,5,Yes,Yes,Yes,48,16/10/24,New York,NY,USA,Medication C,Hypertension
528,No,21.5,No,No,No,4,4,Yes,Male,65+,Hispanic,No,No,Very good,7,No,No,No,67,27/09/24,Chicago,AZ,USA,Medication C,Diabetes
529,Yes,29.5,Yes,Yes,Yes,26,8,No,Female,55-64,Asian,Yes,Yes,Excellent,6,No,Yes,No,45,26/09/24,New York,TX,USA,Medication C,Diabetes
530,No,25,No,Yes,No,4,1,No,Male,18-24,Hispanic,No,No,Poor,5,No,No,No,27,07/10/24,New York,TX,USA,Medication B,None
531,No,21.4,No,Yes,No,0,4,Yes,Male,45-54,Hispanic,No,No,Poor,4,Yes,No,No,35,08/10/24,Houston,TX,USA,Medication A,None
532,No,22.1,No,No,No,3,1,Yes,Male,25-34,Other,No,No,Excellent,5,Yes,Yes,No,75,23/09/24,Houston,IL,USA,None,Hypertension
533,Yes,37.9,Yes,No,No,19,20,No,Female,55-64,Black,Yes,No,Very good,5,No,No,No,50,06/10/24,Houston,NY,USA,None,No prior conditions
534,No,23.4,No,No,Yes,1,0,No,Male,18-24,Hispanic,No,No,Fair,6,Yes,No,Yes,75,29/09/24,Houston,CA,USA,Medication B,No prior conditions
535,No,21.7,No,No,No,2,3,Yes,Male,18-24,Hispanic,No,No,Fair,6,Yes,Yes,Yes,38,30/09/24,Chicago,TX,USA,None,Hypertension
536,Yes,31.8,Yes,No,No,24,7,No,Female,25-34,Other,No,No,Fair,6,Yes,Yes,No,36,06/10/24,New York,AZ,USA,Medication B,Diabetes
537,Yes,39.3,Yes,Yes,Yes,24,25,No,Male,25-34,Other,No,Yes,Fair,6,Yes,No,No,23,12/10/24,New York,IL,USA,Medication A,No prior conditions
538,No,19.9,Yes,Yes,No,3,1,Yes,Male,35-44,Asian,No,No,Good,7,Yes,Yes,Yes,79,09/10/24,New York,CA,USA,Medication A,Hypertension
539,Yes,33.1,Yes,No,No,16,18,Yes,Female,25-34,Black,No,No,Poor,4,Yes,Yes,Yes,30,17/10/24,Houston,CA,USA,Medication A,Diabetes
540,No,18.8,No,No,No,1,4,Yes,Male,55-64,White,No,Yes,Poor,7,Yes,No,No,79,27/09/24,Chicago,CA,USA,Medication A,Hypertension
541,Yes,38.1,Yes,No,No,9,16,Yes,Female,55-64,Other,Yes,Yes,Good,8,No,No,No,59,11/10/24,Chicago,AZ,USA,None,Hypertension
542,No,21.4,Yes,No,No,1,2,Yes,Male,25-34,White,Yes,No,Poor,5,No,Yes,No,53,02/10/24,New York,IL,USA,Medication C,None
543,No,20.2,No,No,Yes,2,3,Yes,Male,65+,White,No,Yes,Excellent,5,No,Yes,Yes,43,19/10/24,New York,IL,USA,Medication B,Hypertension
544,Yes,26.3,Yes,No,Yes,17,20,Yes,Female,18-24,White,Yes,Yes,Very good,4,No,Yes,Yes,46,09/10/24,Los Angeles,AZ,USA,Medication B,Hypertension
545,No,23.7,No,No,No,2,0,Yes,Male,65+,Other,No,Yes,Poor,6,No,No,Yes,44,21/10/24,Chicago,IL,USA,Medication A,No prior conditions
546,No,21.2,No,Yes,No,4,0,No,Male,18-24,White,No,Yes,Good,7,Yes,No,Yes,44,18/10/24,New York,CA,USA,Medication A,Hypertension
547,Yes,34.4,Yes,Yes,Yes,12,24,Yes,Male,25-34,White,No,Yes,Excellent,7,Yes,No,Yes,80,19/10/24,Houston,NY,USA,Medication C,Hypertension
548,No,21.3,Yes,Yes,No,3,3,Yes,Female,25-34,Asian,No,Yes,Very good,4,No,Yes,Yes,69,16/10/24,Phoenix,NY,USA,None,Diabetes
549,No,23.9,No,No,No,4,4,Yes,Female,35-44,White,No,Yes,Fair,4,Yes,No,Yes,83,13/10/24,Chicago,TX,USA,Medication A,None
550,Yes,39.5,Yes,Yes,Yes,12,29,No,Male,25-34,Asian,Yes,Yes,Poor,7,No,No,Yes,29,29/09/24,New York,TX,USA,Medication C,Diabetes
551,Yes,34.8,No,No,Yes,27,23,No,Female,25-34,Hispanic,No,No,Good,7,Yes,No,Yes,43,18/10/24,Houston,TX,USA,Medication C,Hypertension
552,No,21.3,No,No,No,3,3,No,Male,45-54,Hispanic,No,Yes,Fair,6,No,No,No,70,19/10/24,Phoenix,TX,USA,Medication B,Diabetes
553,No,25,No,No,No,3,0,Yes,Male,65+,Other,No,Yes,Excellent,7,Yes,Yes,Yes,57,10/10/24,Phoenix,CA,USA,Medication B,None
554,No,22.1,No,No,No,1,2,No,Male,55-64,Black,No,Yes,Poor,6,No,No,Yes,81,22/09/24,Chicago,IL,USA,Medication C,Hypertension
555,No,21.8,Yes,Yes,No,0,1,Yes,Female,35-44,White,No,No,Poor,6,Yes,No,No,55,24/09/24,Phoenix,IL,USA,Medication C,No prior conditions
556,No,20.7,Yes,No,Yes,1,0,Yes,Male,55-64,White,No,No,Good,6,No,No,No,55,05/10/24,Houston,NY,USA,Medication B,No prior conditions
557,No,19.1,Yes,No,Yes,2,1,Yes,Male,45-54,Asian,No,No,Excellent,8,Yes,No,No,48,25/09/24,New York,CA,USA,None,Diabetes
558,No,24.8,No,Yes,Yes,4,2,Yes,Female,55-64,Black,No,Yes,Excellent,4,No,Yes,Yes,25,13/10/24,Phoenix,CA,USA,None,Hypertension
559,No,24.2,No,Yes,Yes,1,0,No,Female,65+,Black,Yes,No,Fair,7,No,Yes,No,68,04/10/24,Phoenix,IL,USA,Medication C,None
560,No,21.7,No,No,Yes,1,4,Yes,Female,35-44,Hispanic,No,No,Poor,7,No,Yes,Yes,73,26/09/24,New York,NY,USA,Medication C,None
561,No,22.8,No,No,No,1,0,Yes,Female,25-34,Asian,Yes,No,Very good,7,No,No,No,46,05/10/24,Chicago,NY,USA,None,None
562,Yes,39.1,Yes,No,Yes,6,10,Yes,Male,45-54,White,No,Yes,Good,7,Yes,Yes,Yes,18,01/10/24,Phoenix,TX,USA,Medication A,No prior conditions
563,Yes,34.9,Yes,No,No,10,27,No,Male,35-44,Asian,Yes,No,Excellent,7,Yes,Yes,Yes,72,09/10/24,Los Angeles,CA,USA,Medication A,No prior conditions
564,No,18.9,No,Yes,Yes,2,2,Yes,Female,35-44,Hispanic,No,Yes,Fair,8,Yes,Yes,Yes,35,20/10/24,Houston,TX,USA,None,Diabetes
565,Yes,26.9,Yes,Yes,Yes,28,16,No,Male,65+,White,No,No,Poor,5,Yes,No,No,21,21/10/24,Houston,IL,USA,Medication B,Hypertension
566,Yes,26.9,Yes,No,No,11,22,No,Female,25-34,Asian,No,Yes,Very good,8,No,No,No,50,27/09/24,Phoenix,IL,USA,Medication B,Diabetes
567,No,21.4,No,No,Yes,1,2,No,Male,55-64,White,No,No,Fair,4,Yes,Yes,Yes,77,23/09/24,Los Angeles,CA,USA,Medication A,None
568,Yes,33.5,Yes,Yes,No,18,24,No,Male,18-24,White,No,Yes,Very good,8,Yes,Yes,Yes,30,04/10/24,Chicago,TX,USA,None,No prior conditions
569,No,22.3,No,Yes,Yes,4,4,No,Female,65+,Asian,No,No,Good,4,Yes,Yes,Yes,45,21/10/24,Phoenix,CA,USA,Medication C,Hypertension
570,Yes,33.6,No,Yes,No,27,29,Yes,Male,65+,Black,No,Yes,Poor,7,Yes,No,Yes,31,18/10/24,Los Angeles,IL,USA,Medication B,No prior conditions
571,No,19.1,No,No,Yes,2,2,Yes,Female,35-44,Asian,No,No,Poor,8,Yes,Yes,No,34,06/10/24,Houston,NY,USA,Medication B,None
572,Yes,30.5,No,No,Yes,8,19,No,Male,35-44,Hispanic,No,Yes,Excellent,7,No,No,Yes,71,03/10/24,Phoenix,TX,USA,None,None
573,No,22.1,No,Yes,No,3,3,Yes,Female,25-34,Black,No,Yes,Excellent,5,No,Yes,No,27,05/10/24,Phoenix,AZ,USA,None,Diabetes
574,Yes,32.9,Yes,Yes,No,16,6,No,Male,18-24,White,No,Yes,Fair,4,No,Yes,Yes,23,09/10/24,Phoenix,IL,USA,None,No prior conditions
575,No,24.1,No,No,Yes,4,2,Yes,Female,18-24,White,No,No,Excellent,5,Yes,No,Yes,43,06/10/24,Phoenix,CA,USA,Medication B,None
576,Yes,31.8,Yes,No,Yes,18,20,Yes,Male,18-24,Hispanic,No,No,Good,5,Yes,Yes,Yes,32,29/09/24,Houston,AZ,USA,None,Diabetes
577,No,24.2,Yes,Yes,No,1,4,No,Male,45-54,Black,No,Yes,Poor,4,No,No,No,42,06/10/24,Los Angeles,NY,USA,None,Hypertension
578,No,24.5,No,No,Yes,4,2,Yes,Female,35-44,White,No,No,Very good,5,Yes,No,No,34,04/10/24,Houston,CA,USA,Medication C,No prior conditions
579,Yes,26.5,Yes,No,No,13,19,No,Female,65+,White,Yes,No,Good,6,No,Yes,Yes,44,17/10/24,Phoenix,AZ,USA,None,Diabetes
580,Yes,33.8,Yes,Yes,Yes,27,28,Yes,Male,18-24,White,Yes,No,Good,7,Yes,No,Yes,74,15/10/24,Houston,CA,USA,Medication B,Hypertension
581,Yes,39,Yes,No,No,10,9,Yes,Female,55-64,Black,No,No,Very good,8,No,No,Yes,66,24/09/24,New York,CA,USA,Medication B,Diabetes
582,No,22,Yes,Yes,Yes,4,3,Yes,Female,45-54,Hispanic,No,No,Excellent,4,Yes,No,No,49,19/10/24,Phoenix,CA,USA,None,No prior conditions
583,Yes,25.9,No,No,Yes,29,25,Yes,Male,18-24,Other,Yes,Yes,Fair,6,Yes,Yes,Yes,45,16/10/24,Los Angeles,IL,USA,Medication A,Hypertension
584,No,21.8,Yes,No,Yes,3,0,No,Female,65+,Other,No,No,Poor,4,Yes,No,No,54,03/10/24,Phoenix,IL,USA,Medication A,Hypertension
585,Yes,39.3,No,No,No,20,8,Yes,Male,65+,Asian,Yes,No,Poor,4,Yes,No,Yes,32,02/10/24,Houston,NY,USA,Medication C,Diabetes
586,No,24.3,Yes,Yes,No,1,4,Yes,Female,45-54,Asian,No,No,Excellent,6,No,Yes,Yes,57,23/09/24,Phoenix,NY,USA,Medication A,No prior conditions
587,No,20.3,No,No,Yes,2,3,No,Female,18-24,White,No,Yes,Poor,8,No,Yes,No,41,10/10/24,Phoenix,NY,USA,Medication A,Hypertension
588,No,20.7,No,No,No,3,4,Yes,Female,65+,Other,No,Yes,Good,5,No,Yes,No,75,07/10/24,Phoenix,NY,USA,Medication C,Hypertension
589,Yes,30,No,Yes,Yes,26,9,Yes,Female,65+,Hispanic,Yes,Yes,Fair,8,Yes,Yes,No,65,22/09/24,Phoenix,AZ,USA,Medication B,Diabetes
590,Yes,31.8,Yes,Yes,Yes,25,26,No,Female,18-24,White,Yes,No,Fair,7,No,No,No,21,26/09/24,New York,NY,USA,None,None
591,Yes,39.1,No,No,No,7,23,No,Male,35-44,Black,No,No,Fair,5,Yes,Yes,No,60,23/09/24,Houston,TX,USA,Medication A,None
592,Yes,31.3,No,No,Yes,17,22,No,Female,55-64,Black,No,Yes,Fair,5,No,No,Yes,31,21/10/24,Phoenix,NY,USA,Medication A,Diabetes
593,Yes,31.3,Yes,No,No,27,22,No,Male,35-44,White,Yes,No,Poor,5,Yes,No,No,52,22/09/24,Houston,IL,USA,Medication C,Hypertension
594,No,24.1,No,Yes,Yes,4,0,Yes,Female,65+,Hispanic,No,No,Fair,7,No,Yes,Yes,37,26/09/24,Phoenix,CA,USA,Medication C,None
595,Yes,26.8,Yes,No,Yes,7,23,Yes,Male,65+,Hispanic,No,Yes,Fair,4,No,Yes,Yes,65,13/10/24,New York,NY,USA,Medication A,Diabetes
596,Yes,32.8,Yes,Yes,No,21,30,No,Female,55-64,White,Yes,Yes,Fair,7,No,No,Yes,75,07/10/24,Chicago,AZ,USA,Medication A,Hypertension
597,Yes,26.4,Yes,Yes,Yes,20,25,No,Female,65+,White,Yes,Yes,Fair,7,Yes,No,Yes,80,17/10/24,New York,AZ,USA,Medication A,Hypertension
598,No,24.7,Yes,No,Yes,0,4,No,Female,18-24,Hispanic,No,Yes,Fair,6,Yes,No,Yes,44,29/09/24,Chicago,TX,USA,Medication B,Hypertension
599,No,21.7,No,Yes,Yes,2,0,No,Female,55-64,Hispanic,No,No,Good,7,No,Yes,No,67,08/10/24,Phoenix,AZ,USA,None,Hypertension
600,Yes,28.8,Yes,Yes,No,15,6,Yes,Female,35-44,Hispanic,No,No,Very good,5,No,Yes,Yes,47,26/09/24,Houston,IL,USA,Medication B,Hypertension
601,No,24,No,Yes,No,4,2,No,Female,65+,Hispanic,No,Yes,Poor,7,Yes,No,No,50,13/10/24,Los Angeles,CA,USA,Medication B,Hypertension
602,Yes,39.2,Yes,Yes,No,23,26,No,Male,35-44,Black,Yes,Yes,Very good,5,Yes,Yes,No,18,24/09/24,Chicago,NY,USA,Medication A,No prior conditions
603,Yes,29.2,No,Yes,Yes,30,25,Yes,Male,45-54,White,Yes,No,Fair,8,Yes,Yes,No,19,16/10/24,Houston,CA,USA,Medication C,Hypertension
604,Yes,30.7,No,No,No,7,9,No,Male,35-44,Other,Yes,Yes,Excellent,6,No,No,No,50,01/10/24,New York,NY,USA,Medication B,No prior conditions
605,Yes,33,No,Yes,No,18,25,No,Male,65+,White,Yes,Yes,Fair,7,Yes,Yes,No,39,26/09/24,Phoenix,NY,USA,Medication C,Hypertension
606,Yes,33.8,No,Yes,Yes,10,7,Yes,Female,45-54,White,Yes,No,Poor,5,No,Yes,No,42,08/10/24,Houston,TX,USA,None,Diabetes
607,Yes,37.1,Yes,No,Yes,28,23,Yes,Male,35-44,Asian,Yes,No,Poor,5,Yes,No,No,59,19/10/24,Houston,TX,USA,Medication B,None
608,Yes,34.3,Yes,Yes,No,16,19,Yes,Female,45-54,Asian,No,No,Fair,8,No,Yes,Yes,47,17/10/24,New York,TX,USA,Medication A,No prior conditions
609,Yes,32.9,Yes,No,No,28,22,Yes,Male,35-44,Hispanic,No,No,Good,8,No,No,Yes,33,28/09/24,Phoenix,CA,USA,None,Hypertension
610,Yes,38.3,No,Yes,Yes,21,25,Yes,Male,45-54,Black,Yes,Yes,Good,6,Yes,No,Yes,59,18/10/24,Los Angeles,CA,USA,Medication A,Hypertension
611,Yes,29.2,No,No,No,9,30,Yes,Male,35-44,Asian,Yes,Yes,Very good,6,No,Yes,Yes,21,22/09/24,Los Angeles,AZ,USA,Medication C,No prior conditions
612,No,18.6,Yes,Yes,No,1,0,Yes,Female,55-64,White,No,No,Fair,4,Yes,No,No,59,16/10/24,New York,NY,USA,Medication B,Hypertension
613,Yes,39.5,No,Yes,Yes,23,11,Yes,Female,65+,Asian,No,Yes,Poor,4,No,Yes,Yes,48,20/10/24,New York,IL,USA,Medication A,No prior conditions
614,No,23.8,Yes,No,No,1,1,No,Male,25-34,Black,No,Yes,Fair,5,Yes,Yes,Yes,56,15/10/24,Los Angeles,IL,USA,Medication B,Hypertension
615,No,23.2,Yes,No,No,3,4,No,Female,25-34,Black,No,Yes,Very good,6,Yes,No,No,25,05/10/24,Houston,TX,USA,None,Hypertension
616,Yes,32.1,No,Yes,No,20,28,Yes,Male,55-64,Hispanic,Yes,No,Very good,5,Yes,Yes,Yes,50,13/10/24,Chicago,IL,USA,Medication A,Diabetes
617,Yes,37.8,Yes,No,No,17,6,Yes,Female,25-34,White,No,No,Poor,7,No,No,No,63,14/10/24,Houston,AZ,USA,None,None
618,No,21.8,No,Yes,Yes,3,4,Yes,Male,18-24,White,No,No,Fair,5,Yes,No,No,44,28/09/24,Phoenix,AZ,USA,Medication B,None
619,No,22.7,No,No,Yes,3,1,No,Female,65+,Other,No,Yes,Good,4,Yes,Yes,No,39,27/09/24,Phoenix,AZ,USA,Medication A,None
620,No,19.9,No,No,Yes,1,1,Yes,Male,35-44,Hispanic,No,No,Poor,7,Yes,Yes,No,21,23/09/24,Phoenix,TX,USA,Medication B,No prior conditions
621,Yes,32.4,Yes,Yes,No,19,13,No,Male,45-54,Other,Yes,Yes,Excellent,7,No,No,No,30,06/10/24,Los Angeles,IL,USA,Medication A,No prior conditions
622,Yes,29.4,Yes,Yes,Yes,6,28,No,Male,45-54,Hispanic,Yes,No,Fair,5,No,No,Yes,71,11/10/24,Houston,AZ,USA,Medication B,None
623,No,21,Yes,Yes,Yes,1,4,No,Female,45-54,Black,No,No,Very good,6,Yes,Yes,Yes,57,14/10/24,New York,CA,USA,None,None
624,No,22.5,No,Yes,No,2,2,No,Male,35-44,White,No,No,Poor,8,Yes,Yes,No,44,08/10/24,Chicago,NY,USA,Medication C,Diabetes
625,Yes,28,No,No,No,7,21,Yes,Male,45-54,Asian,No,Yes,Poor,4,No,No,Yes,35,10/10/24,New York,CA,USA,Medication C,No prior conditions
626,No,23.6,No,Yes,No,2,4,No,Female,45-54,Asian,Yes,No,Fair,8,Yes,No,Yes,34,29/09/24,Phoenix,AZ,USA,Medication B,None
627,Yes,32.4,Yes,Yes,Yes,20,14,No,Male,45-54,White,Yes,No,Fair,5,No,No,Yes,46,03/10/24,New York,AZ,USA,None,None
628,Yes,35.9,Yes,No,Yes,30,14,No,Male,45-54,Other,Yes,Yes,Poor,4,No,Yes,No,64,28/09/24,Phoenix,TX,USA,Medication B,Hypertension
629,Yes,33.7,No,Yes,No,24,14,Yes,Female,25-34,Asian,No,No,Fair,7,Yes,No,Yes,68,09/10/24,Chicago,IL,USA,Medication A,None
630,Yes,29.6,No,No,Yes,14,30,Yes,Male,25-34,Hispanic,Yes,Yes,Very good,4,Yes,No,Yes,71,24/09/24,Los Angeles,CA,USA,Medication B,Diabetes
631,Yes,28.8,No,Yes,No,19,6,No,Male,65+,Hispanic,Yes,No,Poor,8,No,No,Yes,79,27/09/24,New York,TX,USA,None,Diabetes
632,Yes,30.3,No,No,Yes,23,9,Yes,Male,45-54,Other,Yes,No,Very good,6,No,No,No,22,04/10/24,Houston,NY,USA,Medication B,Hypertension
633,Yes,25.8,Yes,Yes,No,10,5,Yes,Female,45-54,Black,Yes,No,Fair,5,Yes,No,No,28,20/10/24,Chicago,CA,USA,Medication C,No prior conditions
634,No,20.4,No,Yes,Yes,0,3,Yes,Male,18-24,Asian,No,Yes,Fair,7,No,No,No,40,07/10/24,Chicago,CA,USA,Medication B,Hypertension
635,No,19.9,No,No,No,3,1,Yes,Male,25-34,Asian,No,No,Good,8,No,Yes,No,49,04/10/24,Phoenix,TX,USA,Medication C,Diabetes
636,No,24.3,No,No,No,0,3,Yes,Female,35-44,Other,No,Yes,Excellent,7,No,Yes,Yes,79,10/10/24,Chicago,CA,USA,Medication C,Diabetes
637,No,24.5,No,No,Yes,0,0,Yes,Male,45-54,Other,No,No,Excellent,8,No,No,No,31,25/09/24,New York,NY,USA,Medication B,Hypertension
638,Yes,29,Yes,Yes,No,28,17,Yes,Male,65+,Black,Yes,No,Excellent,4,No,No,No,51,01/10/24,Houston,CA,USA,Medication B,No prior conditions
639,No,18.7,No,No,No,2,3,Yes,Female,25-34,Asian,No,No,Excellent,7,Yes,No,Yes,35,16/10/24,Houston,TX,USA,Medication B,No prior conditions
640,No,20.6,No,No,No,0,3,No,Male,45-54,Asian,No,Yes,Excellent,7,No,No,Yes,41,10/10/24,Houston,IL,USA,Medication B,Hypertension
641,No,20.4,Yes,Yes,No,3,1,No,Female,35-44,Hispanic,No,Yes,Good,7,Yes,No,Yes,40,13/10/24,Chicago,IL,USA,Medication B,Hypertension
642,No,22.1,No,No,No,0,2,Yes,Male,18-24,Black,No,No,Very good,8,No,No,Yes,84,05/10/24,New York,AZ,USA,None,Diabetes
643,No,22.1,No,Yes,No,1,2,No,Female,45-54,Other,Yes,No,Fair,6,No,No,No,58,16/10/24,Los Angeles,CA,USA,Medication B,None
644,Yes,32.3,No,Yes,No,14,17,No,Female,65+,Hispanic,No,No,Excellent,6,Yes,No,No,78,12/10/24,Houston,NY,USA,Medication B,Hypertension
645,No,18.7,No,Yes,No,4,4,No,Male,25-34,Asian,No,Yes,Excellent,5,Yes,No,No,51,17/10/24,Chicago,IL,USA,Medication B,Hypertension
646,No,20.7,No,Yes,Yes,4,4,Yes,Male,25-34,Hispanic,No,Yes,Excellent,4,No,Yes,Yes,52,18/10/24,Houston,TX,USA,Medication A,No prior conditions
647,No,21,No,Yes,Yes,1,4,No,Male,55-64,Asian,No,Yes,Fair,6,Yes,Yes,No,33,30/09/24,Phoenix,TX,USA,Medication C,Hypertension
648,Yes,39.3,Yes,Yes,Yes,24,27,No,Male,25-34,Asian,Yes,Yes,Very good,4,No,No,Yes,45,04/10/24,Los Angeles,NY,USA,Medication C,Diabetes
649,Yes,36.6,Yes,No,No,22,20,Yes,Female,25-34,Black,No,No,Very good,8,Yes,Yes,Yes,38,29/09/24,New York,AZ,USA,None,Hypertension
650,No,24.6,Yes,Yes,Yes,4,1,No,Female,18-24,Hispanic,No,Yes,Fair,4,No,Yes,No,63,27/09/24,New York,CA,USA,Medication B,No prior conditions
651,No,19.5,No,Yes,Yes,2,3,No,Female,18-24,Other,No,No,Excellent,4,Yes,No,Yes,48,14/10/24,Phoenix,NY,USA,Medication C,Hypertension
652,Yes,28.5,Yes,Yes,No,28,18,No,Male,45-54,Hispanic,No,Yes,Very good,7,Yes,No,Yes,50,05/10/24,Phoenix,TX,USA,Medication B,Diabetes
653,No,22.9,No,Yes,No,0,4,Yes,Female,45-54,Asian,No,No,Good,5,Yes,Yes,No,25,11/10/24,Los Angeles,NY,USA,Medication B,None
654,Yes,35.5,Yes,No,No,22,22,No,Female,25-34,Hispanic,No,Yes,Good,8,Yes,Yes,Yes,81,23/09/24,Chicago,NY,USA,Medication B,No prior conditions
655,No,24.2,No,No,No,2,4,No,Male,35-44,White,No,Yes,Good,7,Yes,Yes,No,30,13/10/24,New York,IL,USA,None,No prior conditions
656,Yes,25.7,Yes,Yes,Yes,20,9,No,Female,35-44,Other,No,No,Excellent,6,Yes,Yes,Yes,74,10/10/24,Phoenix,CA,USA,None,No prior conditions
657,No,22,No,Yes,No,4,1,Yes,Female,25-34,Asian,Yes,No,Fair,5,No,Yes,Yes,32,26/09/24,Phoenix,CA,USA,Medication A,None
658,Yes,37.9,Yes,No,No,30,12,No,Female,18-24,Black,No,Yes,Poor,4,Yes,Yes,No,59,27/09/24,Houston,AZ,USA,Medication C,Hypertension
659,No,24.1,Yes,Yes,No,4,4,No,Female,45-54,Asian,No,No,Fair,7,No,No,Yes,70,13/10/24,Los Angeles,NY,USA,Medication A,Hypertension
660,Yes,31,Yes,Yes,No,6,26,No,Male,45-54,Asian,Yes,Yes,Very good,8,No,No,Yes,48,20/10/24,Houston,CA,USA,None,Hypertension
661,No,18.7,No,No,Yes,4,4,No,Female,25-34,Hispanic,Yes,No,Good,7,Yes,Yes,No,42,20/10/24,Chicago,CA,USA,None,Diabetes
662,No,23.8,Yes,Yes,Yes,4,1,Yes,Female,35-44,Hispanic,No,Yes,Very good,6,No,Yes,Yes,53,30/09/24,Los Angeles,TX,USA,Medication A,No prior conditions
663,No,19.8,No,No,Yes,2,4,No,Male,55-64,Other,No,No,Excellent,6,Yes,Yes,No,21,08/10/24,Los Angeles,CA,USA,Medication A,Diabetes
664,Yes,25.6,Yes,No,No,23,21,No,Female,35-44,Black,No,Yes,Very good,6,No,Yes,No,31,13/10/24,Los Angeles,NY,USA,None,No prior conditions
665,Yes,33.7,Yes,Yes,No,17,14,Yes,Male,25-34,White,No,Yes,Poor,7,Yes,Yes,No,76,12/10/24,Phoenix,AZ,USA,Medication A,None
666,No,19.2,No,No,No,1,1,No,Female,25-34,Asian,No,No,Excellent,7,No,Yes,No,80,01/10/24,Houston,CA,USA,Medication B,None
667,Yes,39.8,Yes,Yes,Yes,18,10,No,Male,45-54,Other,Yes,No,Poor,7,Yes,No,Yes,73,10/10/24,Chicago,NY,USA,None,Diabetes
668,No,23.4,Yes,No,Yes,4,3,Yes,Male,55-64,Black,No,Yes,Fair,5,No,No,Yes,53,12/10/24,Phoenix,IL,USA,None,None
669,No,24.1,Yes,No,Yes,3,1,Yes,Male,65+,Other,No,Yes,Poor,6,No,Yes,Yes,73,01/10/24,Phoenix,AZ,USA,Medication A,No prior conditions
670,Yes,33.8,Yes,Yes,No,15,24,Yes,Male,45-54,Asian,Yes,Yes,Fair,7,Yes,Yes,No,32,07/10/24,New York,NY,USA,Medication B,None
671,Yes,39.1,Yes,Yes,Yes,29,11,Yes,Male,45-54,Other,Yes,No,Excellent,4,No,Yes,No,61,11/10/24,Houston,AZ,USA,Medication B,None
672,Yes,38.7,Yes,No,Yes,10,10,No,Male,45-54,Black,No,Yes,Poor,4,Yes,No,Yes,36,28/09/24,New York,AZ,USA,None,Diabetes
673,No,19.9,No,Yes,No,2,3,Yes,Female,25-34,Other,No,No,Excellent,8,Yes,No,No,58,17/10/24,Chicago,TX,USA,Medication A,Diabetes
674,No,23.1,Yes,Yes,No,1,3,Yes,Male,45-54,Black,No,Yes,Very good,5,No,No,No,33,24/09/24,Chicago,NY,USA,Medication A,None
675,No,19,Yes,No,No,0,0,No,Male,65+,Black,No,No,Very good,7,Yes,Yes,No,25,15/10/24,Chicago,IL,USA,Medication A,No prior conditions
676,Yes,36.9,No,No,No,10,15,Yes,Female,18-24,Hispanic,Yes,Yes,Excellent,6,Yes,Yes,Yes,62,24/09/24,Los Angeles,AZ,USA,None,Hypertension
677,No,23.9,No,No,Yes,0,3,No,Male,35-44,White,No,Yes,Fair,7,No,No,No,31,23/09/24,New York,NY,USA,Medication A,Diabetes
678,No,21.2,No,No,No,1,1,No,Female,18-24,Hispanic,No,Yes,Poor,8,No,Yes,No,69,19/10/24,Phoenix,TX,USA,Medication B,No prior conditions
679,No,19.1,Yes,Yes,Yes,1,1,No,Female,18-24,White,No,No,Excellent,8,Yes,Yes,Yes,55,18/10/24,Chicago,NY,USA,None,None
680,Yes,33.6,Yes,No,No,9,29,No,Female,35-44,Other,Yes,Yes,Fair,6,Yes,No,Yes,19,17/10/24,Chicago,NY,USA,Medication A,Diabetes
681,No,23.5,No,No,No,2,3,Yes,Female,65+,Other,No,No,Excellent,5,Yes,No,Yes,45,15/10/24,Chicago,AZ,USA,Medication C,Hypertension
682,No,23.1,No,No,No,4,2,Yes,Female,45-54,White,No,No,Fair,8,No,No,No,82,17/10/24,Houston,TX,USA,Medication B,None
683,No,18.8,No,No,No,3,0,No,Female,55-64,Other,No,No,Fair,7,Yes,No,No,40,22/09/24,New York,CA,USA,Medication B,Hypertension
684,Yes,30.9,No,No,Yes,26,7,Yes,Male,35-44,White,Yes,Yes,Fair,7,No,No,Yes,35,29/09/24,Chicago,AZ,USA,Medication A,None
685,No,20.2,No,Yes,No,4,1,Yes,Male,25-34,Other,No,No,Poor,5,No,No,No,26,07/10/24,Houston,IL,USA,None,Hypertension
686,Yes,32.3,Yes,Yes,Yes,5,9,Yes,Female,25-34,White,Yes,Yes,Excellent,4,Yes,Yes,No,74,12/10/24,Phoenix,IL,USA,None,Diabetes
687,No,19.1,No,No,No,0,2,Yes,Male,55-64,Asian,No,Yes,Excellent,7,Yes,No,No,59,27/09/24,Los Angeles,AZ,USA,Medication C,No prior conditions
688,No,23.5,Yes,Yes,No,2,0,Yes,Male,45-54,Other,No,No,Excellent,8,No,Yes,Yes,81,04/10/24,New York,AZ,USA,Medication C,Hypertension
689,No,19.7,Yes,Yes,Yes,1,0,No,Female,25-34,Black,No,Yes,Poor,7,No,No,Yes,31,02/10/24,Phoenix,NY,USA,None,Hypertension
690,Yes,36.7,Yes,No,Yes,19,11,Yes,Male,45-54,Black,Yes,No,Fair,7,Yes,No,Yes,58,27/09/24,Los Angeles,AZ,USA,None,Diabetes
691,Yes,29.5,Yes,No,No,25,29,Yes,Male,45-54,Asian,Yes,No,Excellent,8,Yes,No,No,62,28/09/24,Los Angeles,IL,USA,Medication B,No prior conditions
692,Yes,30.9,Yes,No,Yes,6,23,No,Male,18-24,Hispanic,Yes,Yes,Excellent,6,No,No,No,21,28/09/24,Chicago,AZ,USA,Medication C,Diabetes
693,Yes,32.8,Yes,Yes,No,10,12,Yes,Female,35-44,White,Yes,Yes,Poor,4,No,No,Yes,81,06/10/24,Houston,TX,USA,None,None
694,Yes,25.4,No,No,Yes,17,7,Yes,Female,65+,Asian,No,Yes,Good,6,Yes,Yes,Yes,69,30/09/24,New York,TX,USA,Medication C,None
695,Yes,38.1,Yes,No,Yes,22,26,No,Male,25-34,Asian,Yes,Yes,Excellent,7,No,Yes,No,28,02/10/24,Phoenix,CA,USA,Medication B,Diabetes
696,Yes,37.2,Yes,Yes,Yes,13,10,Yes,Male,35-44,Other,Yes,Yes,Excellent,4,No,Yes,Yes,25,28/09/24,New York,NY,USA,Medication B,Diabetes
697,No,20.7,No,Yes,No,3,2,Yes,Male,65+,Hispanic,No,Yes,Poor,6,Yes,No,No,31,25/09/24,New York,TX,USA,Medication B,Hypertension
698,No,21.4,Yes,No,Yes,1,0,Yes,Male,35-44,Other,No,Yes,Good,8,No,Yes,Yes,27,19/10/24,New York,AZ,USA,Medication B,Hypertension
699,No,20.4,No,Yes,Yes,4,3,Yes,Female,65+,Hispanic,No,No,Good,4,No,No,Yes,25,07/10/24,Houston,AZ,USA,Medication B,None
700,Yes,26.4,No,No,No,11,20,Yes,Male,55-64,Black,No,Yes,Good,6,No,No,No,61,07/10/24,Los Angeles,NY,USA,Medication B,Hypertension
701,Yes,34.5,Yes,No,No,17,23,No,Male,45-54,Other,No,Yes,Excellent,5,No,Yes,Yes,72,23/09/24,Chicago,NY,USA,Medication B,Hypertension
702,Yes,36.4,No,Yes,No,23,28,Yes,Male,55-64,Asian,No,No,Fair,7,Yes,Yes,No,58,27/09/24,Houston,IL,USA,Medication A,None
703,Yes,37.3,Yes,Yes,Yes,28,18,No,Male,18-24,Hispanic,Yes,No,Fair,4,Yes,Yes,Yes,50,09/10/24,Chicago,CA,USA,Medication A,No prior conditions
704,No,20.4,No,Yes,Yes,2,3,Yes,Female,55-64,White,No,Yes,Poor,7,Yes,Yes,Yes,53,27/09/24,New York,TX,USA,Medication C,Hypertension
705,No,23.1,No,No,Yes,2,4,No,Female,25-34,Black,No,No,Very good,6,No,Yes,Yes,42,15/10/24,Houston,AZ,USA,Medication C,No prior conditions
706,Yes,32.2,No,Yes,No,16,21,No,Female,55-64,Hispanic,Yes,Yes,Very good,5,No,Yes,No,18,14/10/24,Los Angeles,AZ,USA,Medication B,Hypertension
707,Yes,35.4,Yes,No,Yes,21,16,No,Male,35-44,Black,No,No,Fair,4,Yes,Yes,Yes,60,30/09/24,Los Angeles,CA,USA,Medication C,No prior conditions
708,No,21.1,No,No,No,2,0,No,Female,35-44,Black,No,No,Fair,6,Yes,Yes,No,74,12/10/24,Los Angeles,NY,USA,Medication B,No prior conditions
709,Yes,32.9,Yes,No,Yes,29,16,No,Male,65+,White,Yes,Yes,Fair,6,Yes,Yes,Yes,44,01/10/24,Chicago,AZ,USA,Medication B,No prior conditions
710,Yes,38.7,Yes,No,No,30,17,No,Male,35-44,Other,Yes,No,Poor,8,No,Yes,Yes,52,01/10/24,Houston,TX,USA,Medication B,No prior conditions
711,Yes,25.8,Yes,Yes,Yes,20,30,No,Male,65+,White,No,Yes,Excellent,7,No,Yes,Yes,24,30/09/24,Los Angeles,AZ,USA,Medication C,None
712,No,21.5,No,No,No,3,1,Yes,Female,25-34,Hispanic,No,No,Fair,7,Yes,Yes,No,54,28/09/24,Phoenix,CA,USA,None,No prior conditions
713,No,24.5,No,Yes,Yes,4,4,No,Male,35-44,Black,No,Yes,Excellent,6,No,No,Yes,35,16/10/24,Los Angeles,AZ,USA,Medication A,Hypertension
714,Yes,26.4,Yes,No,Yes,10,20,Yes,Male,55-64,White,Yes,No,Very good,4,Yes,Yes,Yes,58,06/10/24,Phoenix,AZ,USA,None,Diabetes
715,Yes,29.6,Yes,Yes,No,22,8,Yes,Male,45-54,Asian,No,Yes,Poor,6,No,Yes,Yes,73,16/10/24,Phoenix,TX,USA,Medication B,None
716,No,24.7,Yes,Yes,Yes,0,4,No,Female,18-24,Black,No,No,Very good,5,No,No,No,44,21/10/24,Chicago,CA,USA,Medication C,No prior conditions
717,Yes,28.3,No,No,Yes,28,27,No,Female,18-24,Hispanic,No,Yes,Excellent,6,Yes,Yes,Yes,56,15/10/24,Chicago,AZ,USA,Medication B,No prior conditions
718,No,23.4,No,No,No,3,4,Yes,Male,45-54,Asian,No,Yes,Poor,8,Yes,Yes,Yes,40,24/09/24,New York,IL,USA,Medication C,None
719,No,22.9,No,No,Yes,0,1,Yes,Female,35-44,Black,No,Yes,Good,4,No,Yes,Yes,40,25/09/24,New York,IL,USA,Medication A,No prior conditions
720,Yes,39,No,No,Yes,21,6,Yes,Female,45-54,Other,Yes,Yes,Very good,5,No,No,No,55,04/10/24,New York,IL,USA,None,None
721,Yes,27.4,Yes,Yes,Yes,18,21,No,Male,25-34,White,Yes,Yes,Fair,6,Yes,No,No,73,04/10/24,Houston,NY,USA,Medication B,Diabetes
722,Yes,39.6,Yes,Yes,No,27,7,Yes,Male,25-34,Black,No,No,Good,4,Yes,No,Yes,62,09/10/24,Phoenix,NY,USA,None,No prior conditions
723,No,18.8,No,No,Yes,4,4,Yes,Female,35-44,White,No,Yes,Good,4,Yes,Yes,Yes,77,30/09/24,Phoenix,AZ,USA,Medication B,Hypertension
724,No,24.2,Yes,No,Yes,3,1,No,Female,65+,White,No,Yes,Poor,7,No,Yes,Yes,44,16/10/24,Los Angeles,CA,USA,Medication A,Hypertension
725,No,23.1,No,Yes,No,2,0,Yes,Male,25-34,White,No,No,Poor,7,Yes,No,No,81,25/09/24,Los Angeles,CA,USA,Medication A,Diabetes
726,No,20.8,Yes,No,No,3,1,Yes,Female,35-44,Asian,No,No,Poor,6,Yes,No,Yes,48,19/10/24,Chicago,TX,USA,Medication A,No prior conditions
727,Yes,26.5,Yes,Yes,Yes,11,10,No,Male,65+,White,No,Yes,Poor,4,Yes,Yes,No,50,23/09/24,Houston,CA,USA,Medication C,Diabetes
728,Yes,25,Yes,Yes,Yes,30,29,Yes,Male,45-54,Black,Yes,No,Poor,8,No,Yes,Yes,65,06/10/24,Los Angeles,NY,USA,None,Diabetes
729,Yes,31.2,Yes,No,Yes,29,25,No,Male,35-44,Black,No,No,Poor,6,No,No,Yes,79,10/10/24,New York,NY,USA,None,Hypertension
730,No,19.9,No,No,Yes,2,3,No,Male,55-64,White,No,No,Poor,7,No,No,No,32,29/09/24,Los Angeles,CA,USA,Medication C,Diabetes
731,Yes,25.4,No,No,No,9,23,Yes,Female,35-44,White,No,Yes,Good,7,Yes,Yes,No,49,21/10/24,Houston,AZ,USA,Medication A,No prior conditions
732,Yes,39,Yes,No,Yes,11,29,Yes,Female,55-64,Asian,No,No,Fair,4,Yes,No,No,34,01/10/24,New York,CA,USA,Medication B,None
733,Yes,30.1,Yes,No,Yes,10,9,No,Male,35-44,Hispanic,Yes,Yes,Excellent,8,Yes,Yes,Yes,62,04/10/24,Houston,AZ,USA,Medication A,No prior conditions
734,Yes,30.9,No,Yes,Yes,30,24,Yes,Female,65+,White,No,Yes,Poor,5,No,Yes,Yes,28,20/10/24,Phoenix,IL,USA,None,Hypertension
735,Yes,34.6,Yes,No,Yes,15,6,Yes,Male,25-34,Hispanic,No,Yes,Poor,4,Yes,No,Yes,62,26/09/24,Chicago,AZ,USA,Medication C,Hypertension
736,Yes,37.1,No,No,No,11,13,No,Male,25-34,Asian,No,No,Fair,6,Yes,No,No,37,24/09/24,New York,CA,USA,Medication B,Hypertension
737,Yes,37.8,Yes,No,No,15,28,Yes,Female,35-44,Hispanic,Yes,Yes,Very good,5,Yes,No,No,54,19/10/24,Houston,CA,USA,Medication C,None
738,Yes,27.1,Yes,No,Yes,18,26,No,Male,65+,White,Yes,Yes,Poor,7,Yes,No,Yes,46,02/10/24,New York,CA,USA,Medication A,None
739,No,24.9,Yes,No,Yes,2,1,Yes,Male,55-64,Other,No,No,Very good,5,No,No,No,46,26/09/24,New York,CA,USA,Medication C,Diabetes
740,No,20.2,No,No,No,4,1,Yes,Female,25-34,Asian,No,No,Excellent,6,Yes,No,No,83,09/10/24,Chicago,NY,USA,Medication B,Hypertension
741,Yes,39,Yes,Yes,Yes,6,15,Yes,Male,65+,Asian,Yes,No,Good,5,Yes,No,No,69,14/10/24,Phoenix,IL,USA,Medication A,Hypertension
742,No,20.3,No,Yes,Yes,4,3,No,Male,55-64,Hispanic,No,No,Poor,7,Yes,No,Yes,75,25/09/24,New York,NY,USA,Medication A,None
743,Yes,29,Yes,Yes,No,24,17,Yes,Male,55-64,Asian,No,No,Excellent,7,No,Yes,Yes,40,20/10/24,New York,IL,USA,Medication B,Hypertension
744,No,20.2,No,No,Yes,4,1,No,Female,25-34,Black,No,Yes,Poor,5,Yes,No,Yes,68,13/10/24,New York,IL,USA,None,Hypertension
745,Yes,32.2,Yes,No,No,7,9,No,Male,25-34,Asian,No,Yes,Fair,6,No,Yes,Yes,73,11/10/24,Phoenix,TX,USA,Medication B,No prior conditions
746,Yes,28.1,No,No,Yes,17,18,Yes,Male,45-54,Hispanic,Yes,Yes,Good,6,Yes,Yes,No,47,29/09/24,Chicago,IL,USA,None,Diabetes
747,No,23.9,No,No,No,4,0,Yes,Female,55-64,Other,No,No,Good,7,No,No,Yes,68,01/10/24,New York,CA,USA,Medication A,Diabetes
748,No,20.6,Yes,Yes,Yes,4,1,No,Female,45-54,Other,No,Yes,Very good,4,Yes,Yes,No,48,15/10/24,Phoenix,CA,USA,Medication C,Hypertension
749,No,22.6,No,Yes,Yes,0,4,Yes,Male,18-24,Hispanic,No,Yes,Poor,4,No,Yes,No,84,20/10/24,Los Angeles,AZ,USA,None,Hypertension
750,Yes,29,Yes,Yes,Yes,14,6,No,Male,35-44,Other,No,No,Excellent,4,Yes,No,No,55,09/10/24,Houston,NY,USA,Medication B,No prior conditions
751,Yes,29.9,Yes,No,No,17,6,Yes,Male,55-64,Other,Yes,Yes,Good,5,No,No,No,23,02/10/24,New York,NY,USA,None,None
752,No,20,No,Yes,No,3,0,No,Male,18-24,White,No,No,Good,6,No,Yes,Yes,71,26/09/24,New York,TX,USA,Medication C,Hypertension
753,No,23.9,No,Yes,Yes,2,4,No,Male,45-54,Hispanic,No,No,Good,4,Yes,Yes,Yes,41,14/10/24,Chicago,IL,USA,None,None
754,No,20.5,Yes,Yes,No,4,4,Yes,Female,25-34,White,No,No,Fair,6,Yes,No,Yes,30,11/10/24,Los Angeles,AZ,USA,Medication A,Diabetes
755,Yes,33.1,Yes,No,Yes,19,29,No,Male,55-64,Hispanic,Yes,Yes,Poor,4,No,Yes,No,29,28/09/24,Houston,AZ,USA,Medication C,Diabetes
756,Yes,39.8,Yes,Yes,No,8,9,Yes,Male,35-44,Asian,No,No,Excellent,4,No,Yes,Yes,74,04/10/24,New York,CA,USA,Medication C,None
757,Yes,35.1,Yes,Yes,Yes,14,12,Yes,Female,18-24,Asian,Yes,No,Fair,8,Yes,No,No,53,05/10/24,New York,NY,USA,None,Hypertension
758,No,23.3,No,No,No,1,2,No,Male,55-64,White,No,Yes,Excellent,4,Yes,Yes,No,44,25/09/24,Chicago,CA,USA,Medication A,Hypertension
759,Yes,29.7,Yes,Yes,Yes,21,13,No,Male,45-54,Asian,Yes,Yes,Excellent,7,No,No,Yes,77,17/10/24,Los Angeles,NY,USA,Medication C,No prior conditions
760,Yes,27,Yes,No,No,10,10,Yes,Male,45-54,Hispanic,Yes,Yes,Excellent,5,Yes,Yes,Yes,84,13/10/24,Houston,CA,USA,Medication C,Hypertension
761,No,24.1,Yes,No,No,4,2,No,Male,55-64,Hispanic,No,Yes,Very good,4,No,Yes,Yes,50,02/10/24,New York,NY,USA,Medication C,Hypertension
762,Yes,29.3,Yes,No,No,8,13,No,Male,65+,Other,Yes,Yes,Good,7,No,No,No,43,23/09/24,Phoenix,CA,USA,Medication A,Diabetes
763,Yes,27.2,No,Yes,No,26,12,Yes,Female,35-44,White,No,No,Very good,4,Yes,Yes,No,84,14/10/24,Los Angeles,NY,USA,Medication B,Diabetes
764,No,22,No,No,Yes,0,1,No,Female,18-24,Hispanic,No,No,Excellent,4,No,Yes,Yes,51,11/10/24,Los Angeles,IL,USA,Medication A,Diabetes
765,Yes,27.1,Yes,Yes,No,12,30,No,Female,45-54,Other,No,No,Poor,5,No,No,No,21,24/09/24,New York,CA,USA,Medication C,None
766,Yes,29.4,Yes,Yes,No,8,27,Yes,Female,45-54,Other,Yes,Yes,Fair,7,No,Yes,Yes,34,14/10/24,New York,CA,USA,Medication A,No prior conditions
767,No,19,Yes,Yes,No,2,4,No,Female,25-34,Asian,No,Yes,Fair,6,No,Yes,No,39,23/09/24,Houston,CA,USA,None,Diabetes
768,No,19,No,Yes,No,4,1,No,Male,35-44,Hispanic,No,No,Good,8,No,Yes,No,71,12/10/24,New York,CA,USA,Medication C,None
769,No,24.6,Yes,No,No,3,4,Yes,Female,65+,White,No,Yes,Excellent,5,Yes,No,No,74,21/10/24,Houston,TX,USA,Medication A,Diabetes
770,No,23.4,No,No,Yes,1,1,Yes,Female,25-34,Hispanic,Yes,No,Excellent,5,Yes,Yes,Yes,51,20/10/24,Phoenix,TX,USA,Medication A,No prior conditions
771,Yes,28.1,Yes,Yes,No,27,5,Yes,Female,35-44,White,Yes,No,Poor,5,No,Yes,No,69,24/09/24,Chicago,IL,USA,Medication C,Diabetes
772,Yes,25.3,Yes,Yes,No,21,16,No,Female,18-24,Hispanic,No,No,Good,8,Yes,Yes,Yes,63,22/09/24,New York,CA,USA,Medication C,None
773,No,22,No,Yes,No,3,2,Yes,Female,45-54,White,No,Yes,Very good,5,No,Yes,No,52,24/09/24,New York,NY,USA,None,No prior conditions
774,Yes,38.8,Yes,Yes,No,20,17,No,Male,25-34,Hispanic,No,Yes,Very good,8,No,No,Yes,30,29/09/24,Houston,CA,USA,Medication C,Hypertension
775,Yes,25,Yes,No,Yes,25,8,No,Female,25-34,Asian,No,Yes,Poor,8,Yes,Yes,Yes,63,26/09/24,Chicago,IL,USA,Medication A,No prior conditions
776,No,24.4,Yes,Yes,Yes,1,0,No,Female,65+,Other,No,No,Excellent,4,Yes,Yes,No,67,01/10/24,New York,CA,USA,Medication A,Diabetes
777,No,22.8,No,Yes,No,1,0,Yes,Male,18-24,White,No,Yes,Very good,5,No,No,Yes,36,28/09/24,Phoenix,NY,USA,None,None
778,Yes,28.1,Yes,Yes,Yes,7,18,Yes,Male,35-44,White,No,No,Very good,8,Yes,No,No,32,18/10/24,Phoenix,CA,USA,Medication B,Diabetes
779,Yes,37.5,Yes,No,No,14,12,No,Female,35-44,Black,No,No,Poor,5,Yes,Yes,Yes,41,05/10/24,Chicago,AZ,USA,Medication C,No prior conditions
780,No,20.3,Yes,Yes,No,0,4,No,Male,55-64,White,No,Yes,Poor,5,No,No,No,43,19/10/24,Phoenix,NY,USA,None,Diabetes
781,No,23.7,Yes,No,No,1,4,No,Female,45-54,Hispanic,No,No,Excellent,6,No,Yes,No,33,29/09/24,Chicago,TX,USA,None,Hypertension
782,Yes,30.9,Yes,Yes,Yes,16,23,No,Female,55-64,Hispanic,No,No,Poor,8,No,Yes,Yes,38,24/09/24,Chicago,IL,USA,Medication C,None
783,Yes,36.1,No,No,Yes,24,9,No,Male,25-34,Asian,No,No,Poor,6,Yes,Yes,No,60,09/10/24,Los Angeles,NY,USA,Medication B,None
784,No,23.6,No,Yes,Yes,0,1,No,Female,35-44,Black,No,Yes,Good,8,Yes,Yes,Yes,70,07/10/24,Los Angeles,TX,USA,Medication A,Diabetes
785,No,20.9,Yes,No,No,3,0,No,Male,35-44,Other,No,No,Fair,8,Yes,No,Yes,56,06/10/24,Phoenix,IL,USA,None,Hypertension
786,No,19.2,No,No,No,4,1,Yes,Female,45-54,Hispanic,No,Yes,Very good,4,No,No,No,36,05/10/24,Phoenix,TX,USA,Medication A,None
787,Yes,39.6,Yes,Yes,Yes,25,19,Yes,Female,35-44,White,Yes,No,Good,4,Yes,Yes,No,69,12/10/24,Houston,CA,USA,Medication B,None
788,No,24.8,No,No,No,3,4,Yes,Male,55-64,Asian,No,No,Good,5,No,Yes,Yes,44,05/10/24,Houston,NY,USA,Medication A,Hypertension
789,Yes,35.4,Yes,No,No,22,28,No,Male,55-64,Asian,Yes,No,Poor,5,No,No,No,46,23/09/24,Phoenix,NY,USA,Medication C,Hypertension
790,Yes,31.1,No,No,Yes,21,24,Yes,Female,25-34,Other,Yes,No,Good,5,Yes,No,No,60,19/10/24,Phoenix,IL,USA,Medication B,Diabetes
791,Yes,38.5,No,Yes,Yes,8,17,No,Female,65+,Hispanic,No,Yes,Excellent,4,Yes,No,No,30,25/09/24,Phoenix,AZ,USA,None,None
792,No,19.1,Yes,Yes,Yes,1,2,Yes,Male,25-34,Black,No,Yes,Good,8,Yes,No,Yes,50,08/10/24,Los Angeles,CA,USA,Medication B,Hypertension
793,Yes,39.3,Yes,No,Yes,7,19,No,Female,55-64,Other,No,No,Excellent,8,Yes,Yes,No,28,10/10/24,Houston,TX,USA,Medication A,Diabetes
794,Yes,25.7,No,Yes,Yes,14,21,No,Male,55-64,Hispanic,Yes,No,Fair,7,No,No,No,52,16/10/24,Chicago,TX,USA,Medication A,Hypertension
795,No,21.5,No,No,No,1,3,Yes,Female,18-24,White,No,Yes,Very good,4,Yes,No,Yes,64,13/10/24,Los Angeles,TX,USA,None,None
796,Yes,36.2,No,Yes,No,12,14,No,Male,35-44,White,No,Yes,Very good,6,Yes,No,No,47,13/10/24,Phoenix,IL,USA,Medication A,None
797,Yes,33.8,Yes,No,No,12,30,No,Female,65+,Black,No,Yes,Excellent,8,Yes,Yes,Yes,45,13/10/24,Chicago,TX,USA,Medication B,None
798,No,24.6,Yes,No,No,1,2,No,Female,18-24,Other,No,Yes,Poor,7,No,Yes,No,66,22/09/24,Chicago,AZ,USA,Medication A,Diabetes
799,Yes,29.9,Yes,No,Yes,8,21,Yes,Female,65+,White,Yes,No,Fair,5,No,No,No,80,30/09/24,Houston,NY,USA,Medication B,Hypertension
800,No,19.7,No,No,No,1,0,Yes,Female,25-34,Other,Yes,Yes,Very good,8,Yes,No,No,79,10/10/24,New York,AZ,USA,Medication C,Hypertension
801,Yes,38.3,Yes,No,Yes,27,21,Yes,Female,55-64,Hispanic,Yes,Yes,Fair,6,Yes,Yes,No,80,13/10/24,Houston,AZ,USA,Medication A,Diabetes
802,No,18.6,Yes,Yes,Yes,4,0,Yes,Female,55-64,White,No,No,Good,7,No,Yes,Yes,73,13/10/24,New York,CA,USA,Medication B,Hypertension
803,Yes,35.6,Yes,No,No,20,9,Yes,Female,35-44,Other,Yes,No,Excellent,6,No,No,No,38,08/10/24,Phoenix,CA,USA,Medication B,No prior conditions
804,No,21.8,No,No,Yes,1,4,Yes,Female,25-34,Black,No,No,Fair,8,Yes,No,No,42,20/10/24,Phoenix,NY,USA,None,None
805,Yes,29.4,Yes,Yes,Yes,8,8,No,Female,45-54,Hispanic,Yes,Yes,Good,7,No,No,Yes,61,25/09/24,Los Angeles,NY,USA,None,No prior conditions
806,Yes,33.5,Yes,Yes,No,7,20,No,Female,45-54,Asian,Yes,Yes,Good,6,Yes,No,No,71,04/10/24,Houston,CA,USA,None,None
807,Yes,33.1,No,Yes,Yes,5,29,No,Female,65+,Other,Yes,Yes,Poor,6,No,Yes,No,48,15/10/24,Los Angeles,AZ,USA,None,Diabetes
808,No,19.2,No,Yes,Yes,4,4,Yes,Female,18-24,Hispanic,No,Yes,Good,7,Yes,Yes,No,76,25/09/24,Chicago,NY,USA,None,No prior conditions
809,Yes,34.5,Yes,No,Yes,23,15,No,Male,35-44,Other,Yes,Yes,Good,5,Yes,No,Yes,69,04/10/24,Phoenix,TX,USA,Medication A,Hypertension
810,No,20.7,No,No,No,0,0,No,Male,35-44,White,No,Yes,Fair,5,Yes,No,Yes,72,23/09/24,New York,NY,USA,None,Hypertension
811,No,21.8,No,No,No,0,2,No,Male,25-34,Asian,No,No,Excellent,6,Yes,Yes,No,77,10/10/24,Los Angeles,TX,USA,Medication B,No prior conditions
812,No,22.8,No,Yes,No,3,1,Yes,Male,25-34,Other,No,No,Very good,8,Yes,Yes,Yes,71,29/09/24,New York,IL,USA,Medication A,Diabetes
813,No,19.6,No,No,No,4,3,No,Male,35-44,White,No,Yes,Poor,5,Yes,Yes,Yes,37,19/10/24,New York,TX,USA,Medication B,Hypertension
814,Yes,27.3,No,Yes,Yes,23,10,No,Male,18-24,Other,No,No,Excellent,4,Yes,No,No,21,06/10/24,Chicago,AZ,USA,None,Hypertension
815,Yes,37.6,Yes,Yes,No,12,21,Yes,Female,18-24,Hispanic,No,No,Poor,4,No,Yes,Yes,65,02/10/24,Chicago,NY,USA,None,Diabetes
816,Yes,35.9,No,Yes,No,16,18,Yes,Female,65+,Black,No,Yes,Very good,8,Yes,Yes,No,20,02/10/24,New York,CA,USA,None,No prior conditions
817,Yes,25.1,Yes,No,No,20,5,Yes,Female,65+,Hispanic,No,No,Poor,7,Yes,Yes,Yes,51,15/10/24,Los Angeles,AZ,USA,Medication B,No prior conditions
818,Yes,32.1,No,Yes,No,10,6,Yes,Female,45-54,Asian,No,Yes,Very good,6,No,No,Yes,80,07/10/24,Chicago,AZ,USA,Medication A,Diabetes
819,No,22.1,No,Yes,Yes,2,4,No,Female,18-24,Black,No,No,Fair,7,Yes,Yes,No,35,29/09/24,Phoenix,CA,USA,Medication B,None
820,Yes,39.5,Yes,Yes,No,22,17,Yes,Male,35-44,White,No,No,Fair,7,No,No,Yes,47,26/09/24,Phoenix,NY,USA,Medication B,Hypertension
821,No,24.9,No,No,No,2,1,No,Female,45-54,Asian,No,Yes,Very good,8,Yes,No,No,50,04/10/24,Houston,NY,USA,None,No prior conditions
822,Yes,30.6,Yes,No,No,25,17,No,Male,25-34,Other,No,No,Excellent,5,No,Yes,No,41,18/10/24,Los Angeles,IL,USA,None,Hypertension
823,No,21.6,Yes,Yes,No,3,1,Yes,Female,45-54,Asian,No,No,Excellent,5,No,Yes,Yes,54,21/10/24,Los Angeles,CA,USA,Medication A,Diabetes
824,No,24.4,Yes,No,No,1,1,No,Male,65+,Hispanic,No,Yes,Excellent,8,No,No,Yes,66,01/10/24,New York,AZ,USA,None,Diabetes
825,Yes,34.6,Yes,No,No,17,7,No,Female,45-54,White,No,Yes,Very good,8,No,No,Yes,49,30/09/24,Houston,IL,USA,Medication C,None
826,No,19.6,No,Yes,No,1,3,No,Female,55-64,Black,No,Yes,Excellent,5,Yes,Yes,No,20,01/10/24,Chicago,NY,USA,None,Hypertension
827,No,19.1,Yes,No,No,4,4,No,Female,25-34,White,No,Yes,Good,4,Yes,Yes,No,30,27/09/24,Los Angeles,AZ,USA,None,None
828,Yes,36.2,No,Yes,No,10,24,No,Male,55-64,Black,Yes,Yes,Poor,4,Yes,Yes,Yes,61,22/09/24,Chicago,TX,USA,Medication C,Hypertension
829,Yes,29.6,No,No,Yes,24,17,Yes,Male,45-54,Hispanic,No,Yes,Excellent,8,No,Yes,Yes,76,26/09/24,Houston,TX,USA,Medication B,None
830,No,19.2,Yes,No,No,2,0,No,Male,35-44,Hispanic,No,No,Excellent,6,Yes,Yes,No,73,28/09/24,Chicago,CA,USA,Medication B,Hypertension
831,Yes,27.9,Yes,No,Yes,9,28,No,Female,18-24,Black,No,Yes,Fair,7,No,Yes,Yes,54,30/09/24,Phoenix,CA,USA,Medication C,None
832,No,23.9,No,No,No,2,0,Yes,Male,35-44,White,No,No,Fair,8,No,Yes,No,49,11/10/24,Los Angeles,AZ,USA,Medication B,Hypertension
833,No,22.7,Yes,Yes,No,2,3,No,Female,45-54,Hispanic,No,No,Poor,4,No,No,No,34,14/10/24,Chicago,NY,USA,Medication A,Diabetes
834,Yes,37.9,Yes,No,Yes,24,24,No,Female,35-44,Black,Yes,No,Poor,5,Yes,No,No,73,01/10/24,Los Angeles,CA,USA,Medication A,Hypertension
835,No,23.8,No,No,No,2,4,No,Male,25-34,Hispanic,No,Yes,Good,5,Yes,Yes,Yes,29,02/10/24,Houston,NY,USA,None,No prior conditions
836,No,18.5,Yes,Yes,No,2,0,Yes,Female,65+,White,No,No,Poor,8,No,Yes,No,24,18/10/24,Phoenix,TX,USA,Medication C,None
837,Yes,31.6,Yes,Yes,Yes,26,18,Yes,Male,55-64,Asian,Yes,Yes,Poor,8,Yes,Yes,Yes,23,17/10/24,New York,TX,USA,Medication C,None
838,Yes,33.2,Yes,No,Yes,29,6,No,Male,45-54,Black,Yes,Yes,Very good,5,Yes,Yes,No,53,04/10/24,Houston,NY,USA,Medication B,No prior conditions
839,Yes,38.9,Yes,Yes,Yes,11,18,No,Female,35-44,Black,Yes,Yes,Good,6,No,Yes,Yes,37,07/10/24,Chicago,AZ,USA,Medication A,Diabetes
840,Yes,29.1,No,No,No,10,8,No,Male,25-34,Asian,No,No,Excellent,8,No,No,Yes,65,05/10/24,Phoenix,NY,USA,Medication C,Diabetes
841,Yes,34.1,Yes,Yes,No,11,6,Yes,Female,55-64,Other,No,Yes,Poor,5,Yes,No,Yes,27,05/10/24,Houston,IL,USA,Medication B,No prior conditions
842,Yes,37.3,Yes,No,No,22,7,No,Male,25-34,Hispanic,Yes,Yes,Excellent,7,Yes,No,No,48,30/09/24,New York,TX,USA,Medication B,Diabetes
843,No,21.3,Yes,Yes,Yes,3,0,Yes,Female,35-44,Black,No,Yes,Excellent,8,No,No,Yes,50,13/10/24,Houston,AZ,USA,Medication A,No prior conditions
844,Yes,39.5,Yes,No,No,16,16,No,Male,18-24,Hispanic,Yes,Yes,Poor,5,No,No,Yes,68,24/09/24,Houston,IL,USA,Medication B,Hypertension
845,Yes,26.6,No,Yes,No,5,13,No,Male,18-24,White,No,No,Good,4,No,Yes,Yes,44,04/10/24,Los Angeles,TX,USA,Medication A,Hypertension
846,Yes,25.1,No,Yes,No,6,22,Yes,Female,18-24,White,Yes,Yes,Good,7,Yes,No,Yes,53,28/09/24,Phoenix,TX,USA,Medication B,No prior conditions
847,Yes,36.2,No,No,No,11,24,No,Female,35-44,Black,No,Yes,Fair,5,Yes,No,No,43,09/10/24,Phoenix,TX,USA,Medication A,Hypertension
848,Yes,28.6,Yes,Yes,Yes,23,23,No,Female,55-64,Black,Yes,Yes,Excellent,8,No,Yes,Yes,82,26/09/24,Los Angeles,NY,USA,Medication A,No prior conditions
849,Yes,39.4,Yes,No,Yes,18,11,Yes,Male,45-54,Black,No,Yes,Very good,4,Yes,Yes,Yes,20,02/10/24,Chicago,TX,USA,Medication C,No prior conditions
850,Yes,33.4,Yes,No,No,19,20,Yes,Male,35-44,Other,Yes,No,Very good,5,No,No,No,80,03/10/24,Chicago,CA,USA,Medication A,Diabetes
851,No,18.5,Yes,Yes,No,2,2,No,Female,25-34,Other,No,Yes,Fair,5,Yes,Yes,Yes,40,03/10/24,Phoenix,TX,USA,Medication C,Hypertension
852,Yes,38,Yes,No,Yes,20,21,No,Female,35-44,White,No,No,Excellent,7,No,Yes,Yes,32,08/10/24,Phoenix,CA,USA,None,Hypertension
853,No,19.8,No,No,Yes,1,3,No,Male,65+,Hispanic,No,Yes,Fair,6,No,Yes,Yes,40,03/10/24,Los Angeles,NY,USA,None,No prior conditions
854,Yes,29,No,No,Yes,10,9,Yes,Male,45-54,Hispanic,Yes,No,Very good,6,Yes,Yes,No,50,05/10/24,Phoenix,AZ,USA,Medication C,No prior conditions
855,No,21,Yes,Yes,Yes,0,0,No,Male,55-64,Asian,No,Yes,Fair,7,Yes,No,No,70,05/10/24,Chicago,AZ,USA,Medication C,Hypertension
856,No,20.7,No,No,No,4,4,Yes,Male,18-24,Hispanic,No,Yes,Excellent,8,No,No,Yes,67,27/09/24,Los Angeles,TX,USA,None,Hypertension
857,Yes,31,Yes,No,No,27,21,No,Male,65+,White,Yes,No,Poor,5,No,Yes,No,54,17/10/24,Chicago,IL,USA,Medication C,No prior conditions
858,No,18.6,No,No,No,4,1,No,Male,45-54,Other,No,Yes,Very good,7,Yes,No,Yes,26,23/09/24,Los Angeles,IL,USA,None,Hypertension
859,Yes,27.6,Yes,Yes,Yes,28,22,No,Male,65+,Asian,No,No,Good,7,Yes,Yes,Yes,18,23/09/24,Houston,NY,USA,Medication A,No prior conditions
860,No,22.4,No,No,No,0,2,No,Female,35-44,Other,No,Yes,Fair,4,Yes,No,Yes,30,27/09/24,Chicago,IL,USA,Medication A,Diabetes
861,No,24.2,Yes,No,No,3,2,No,Male,45-54,White,No,No,Fair,7,Yes,Yes,No,70,29/09/24,Houston,AZ,USA,Medication A,Diabetes
862,Yes,28.2,Yes,No,Yes,29,28,No,Female,25-34,Hispanic,No,No,Poor,5,Yes,No,No,77,02/10/24,Los Angeles,IL,USA,Medication B,No prior conditions
863,Yes,34.1,Yes,No,No,5,10,Yes,Female,35-44,Hispanic,Yes,Yes,Fair,7,Yes,Yes,Yes,82,20/10/24,Phoenix,IL,USA,None,Diabetes
864,Yes,25.9,Yes,No,No,7,12,Yes,Male,55-64,White,Yes,No,Very good,6,No,No,No,46,12/10/24,New York,IL,USA,None,Hypertension
865,No,24.3,No,Yes,Yes,1,3,No,Male,18-24,Asian,No,No,Excellent,7,Yes,Yes,No,37,11/10/24,Chicago,NY,USA,None,None
866,Yes,39.3,Yes,Yes,Yes,26,18,Yes,Male,65+,Hispanic,Yes,No,Good,5,Yes,Yes,Yes,63,06/10/24,Chicago,TX,USA,Medication C,None
867,No,24.7,No,No,Yes,0,3,Yes,Female,35-44,Other,No,No,Fair,7,Yes,Yes,Yes,35,03/10/24,New York,TX,USA,Medication C,None
868,No,22,No,No,No,1,3,Yes,Male,35-44,Hispanic,No,Yes,Excellent,5,No,Yes,No,64,29/09/24,Houston,TX,USA,None,None
869,Yes,29.3,Yes,Yes,No,14,25,No,Female,55-64,White,No,Yes,Excellent,5,No,Yes,No,82,17/10/24,Houston,CA,USA,None,Diabetes
870,No,19.5,No,Yes,No,3,4,No,Female,55-64,White,No,No,Good,6,Yes,Yes,No,66,25/09/24,Chicago,IL,USA,None,No prior conditions
871,No,19.6,Yes,Yes,No,4,3,Yes,Female,18-24,White,Yes,No,Very good,4,No,No,No,37,06/10/24,New York,AZ,USA,Medication C,No prior conditions
872,No,18.8,No,No,No,3,0,No,Female,55-64,Asian,No,No,Good,5,No,Yes,Yes,26,18/10/24,Houston,CA,USA,None,No prior conditions
873,No,22.8,Yes,No,Yes,3,0,Yes,Female,18-24,Asian,No,Yes,Fair,7,No,Yes,No,65,13/10/24,Chicago,CA,USA,None,Diabetes
874,Yes,32.5,Yes,Yes,No,20,15,Yes,Male,65+,Hispanic,Yes,Yes,Poor,5,Yes,No,Yes,73,25/09/24,Houston,AZ,USA,Medication C,Diabetes
875,No,23.4,No,No,Yes,4,4,Yes,Female,65+,Hispanic,Yes,No,Fair,6,No,Yes,Yes,47,07/10/24,Phoenix,TX,USA,Medication A,No prior conditions
876,No,21.5,Yes,No,Yes,4,0,Yes,Female,65+,Other,No,Yes,Very good,4,Yes,No,No,68,30/09/24,Chicago,IL,USA,None,None
877,Yes,39.9,Yes,Yes,No,19,15,No,Male,25-34,Black,No,No,Fair,4,Yes,No,No,25,17/10/24,Chicago,NY,USA,Medication B,Diabetes
878,Yes,36.3,Yes,No,No,17,13,No,Male,45-54,Black,No,Yes,Good,8,Yes,Yes,Yes,25,13/10/24,New York,IL,USA,None,Diabetes
879,No,21.7,No,No,Yes,0,4,Yes,Male,18-24,White,Yes,Yes,Excellent,5,Yes,Yes,Yes,22,09/10/24,Chicago,AZ,USA,Medication C,Hypertension
880,No,19.7,No,Yes,Yes,3,2,No,Male,18-24,White,No,Yes,Very good,8,No,Yes,No,51,14/10/24,Houston,TX,USA,None,No prior conditions
881,No,21.3,No,Yes,No,1,2,No,Female,25-34,Black,No,Yes,Fair,8,No,Yes,No,26,20/10/24,Los Angeles,CA,USA,Medication A,No prior conditions
882,No,24.5,No,No,Yes,3,1,No,Male,25-34,White,Yes,Yes,Poor,6,Yes,No,Yes,33,26/09/24,Los Angeles,TX,USA,Medication C,None
883,Yes,33.3,Yes,No,Yes,11,13,Yes,Female,18-24,Other,Yes,Yes,Good,4,No,No,No,42,19/10/24,Phoenix,CA,USA,Medication C,Hypertension
884,Yes,34.4,Yes,No,No,14,8,No,Male,55-64,Black,Yes,Yes,Good,5,Yes,Yes,No,19,24/09/24,Los Angeles,CA,USA,Medication A,None
885,Yes,31.2,Yes,Yes,Yes,6,18,Yes,Female,25-34,Black,Yes,Yes,Poor,4,No,Yes,Yes,40,28/09/24,New York,CA,USA,Medication A,None
886,Yes,26.4,Yes,No,No,11,27,No,Female,65+,Hispanic,Yes,Yes,Very good,7,Yes,No,No,74,02/10/24,Phoenix,TX,USA,None,None
887,No,23,No,No,No,4,2,Yes,Male,25-34,Other,No,Yes,Poor,6,No,Yes,No,40,04/10/24,New York,CA,USA,Medication B,Hypertension
888,Yes,34.6,No,No,No,13,20,No,Male,18-24,Asian,No,No,Very good,6,No,Yes,Yes,58,28/09/24,Phoenix,TX,USA,Medication C,Diabetes
889,Yes,29.8,Yes,No,Yes,23,29,Yes,Male,35-44,Other,No,Yes,Good,5,No,Yes,Yes,39,09/10/24,Chicago,NY,USA,Medication C,Diabetes
890,No,20.2,Yes,No,Yes,4,1,No,Female,35-44,Asian,No,Yes,Very good,4,Yes,No,No,41,29/09/24,Chicago,NY,USA,Medication B,None
891,Yes,25.2,Yes,Yes,Yes,29,19,Yes,Male,35-44,Hispanic,No,No,Fair,5,No,Yes,Yes,84,13/10/24,New York,IL,USA,None,None
892,Yes,33,Yes,No,No,6,28,Yes,Male,18-24,White,Yes,Yes,Good,5,No,Yes,Yes,60,16/10/24,New York,CA,USA,Medication B,Diabetes
893,Yes,34.1,Yes,Yes,No,23,23,Yes,Male,45-54,Black,Yes,Yes,Good,7,Yes,Yes,No,24,13/10/24,Houston,IL,USA,Medication A,None
894,No,21.3,No,No,No,4,4,No,Female,35-44,Other,No,Yes,Good,4,No,Yes,No,74,17/10/24,Chicago,CA,USA,None,Diabetes
895,No,18.5,No,No,Yes,1,2,Yes,Female,18-24,Hispanic,No,Yes,Poor,5,No,Yes,Yes,57,23/09/24,New York,TX,USA,Medication C,No prior conditions
896,Yes,28.6,Yes,No,Yes,10,9,No,Female,45-54,White,Yes,Yes,Fair,8,Yes,Yes,Yes,57,15/10/24,Phoenix,CA,USA,None,None
897,Yes,29.2,Yes,Yes,No,21,12,Yes,Female,45-54,Other,Yes,No,Very good,4,No,Yes,No,73,25/09/24,New York,IL,USA,Medication B,Hypertension
898,No,21.3,No,No,No,1,2,Yes,Male,55-64,White,No,Yes,Fair,4,Yes,No,Yes,68,04/10/24,Los Angeles,AZ,USA,None,Hypertension
899,Yes,36,No,No,Yes,25,18,Yes,Male,18-24,Black,No,No,Good,6,Yes,No,No,81,01/10/24,New York,IL,USA,None,Diabetes
900,No,23.9,Yes,No,No,2,4,Yes,Female,55-64,Black,No,Yes,Good,6,No,No,No,42,14/10/24,New York,IL,USA,Medication A,Hypertension
901,No,24.7,Yes,Yes,No,4,3,No,Female,45-54,Black,No,No,Excellent,6,Yes,Yes,No,78,03/10/24,New York,CA,USA,Medication A,No prior conditions
902,No,24.4,No,Yes,No,4,1,Yes,Male,65+,Asian,No,Yes,Fair,6,No,Yes,Yes,44,07/10/24,Houston,NY,USA,Medication C,Hypertension
903,No,23.6,No,No,Yes,0,3,Yes,Female,45-54,Black,Yes,Yes,Good,7,Yes,Yes,Yes,78,16/10/24,Phoenix,AZ,USA,Medication B,None
904,Yes,31.4,No,Yes,No,15,13,Yes,Male,65+,Hispanic,Yes,Yes,Fair,8,Yes,Yes,No,79,05/10/24,Houston,AZ,USA,None,Hypertension
905,Yes,30.6,Yes,No,No,17,28,No,Female,25-34,White,Yes,No,Poor,5,Yes,Yes,Yes,62,14/10/24,New York,NY,USA,Medication B,Hypertension
906,No,19.9,No,Yes,Yes,4,1,Yes,Female,55-64,Asian,No,No,Poor,7,Yes,Yes,No,27,14/10/24,Phoenix,AZ,USA,Medication C,No prior conditions
907,No,22,Yes,Yes,Yes,0,2,Yes,Female,18-24,White,No,No,Very good,5,Yes,No,No,63,03/10/24,New York,TX,USA,Medication B,Hypertension
908,No,22,No,Yes,Yes,0,3,No,Male,25-34,Other,No,No,Very good,4,No,No,No,22,26/09/24,Los Angeles,AZ,USA,Medication A,Hypertension
909,Yes,28,Yes,Yes,No,8,24,No,Female,45-54,White,Yes,No,Good,8,No,Yes,No,73,18/10/24,Chicago,AZ,USA,Medication C,No prior conditions
910,No,19.3,Yes,Yes,No,2,0,No,Male,25-34,White,No,No,Very good,6,Yes,Yes,Yes,30,17/10/24,Chicago,NY,USA,None,Diabetes
911,No,23.4,Yes,Yes,No,0,4,Yes,Male,18-24,Other,No,Yes,Good,5,Yes,Yes,No,42,18/10/24,Houston,AZ,USA,Medication A,No prior conditions
912,No,19.7,No,No,No,1,2,No,Male,35-44,Asian,No,Yes,Good,5,No,Yes,No,23,01/10/24,Houston,TX,USA,Medication B,No prior conditions
913,Yes,34.7,Yes,No,Yes,25,10,Yes,Female,25-34,Other,No,Yes,Excellent,4,No,Yes,No,72,30/09/24,New York,CA,USA,Medication C,Diabetes
914,Yes,31.5,No,No,Yes,18,19,No,Female,25-34,Other,No,No,Excellent,5,Yes,Yes,No,49,04/10/24,Los Angeles,CA,USA,Medication C,Hypertension
915,Yes,26.6,Yes,No,No,15,30,No,Male,18-24,White,Yes,No,Excellent,6,No,No,No,79,06/10/24,Los Angeles,IL,USA,Medication A,Diabetes
916,No,18.9,No,No,Yes,2,4,No,Male,65+,Asian,No,Yes,Excellent,8,No,Yes,Yes,69,21/10/24,New York,NY,USA,Medication B,Hypertension
917,Yes,32.5,No,Yes,No,11,25,No,Male,65+,Black,No,Yes,Poor,8,Yes,No,No,43,09/10/24,Houston,AZ,USA,Medication B,No prior conditions
918,No,24.1,No,No,Yes,0,0,No,Female,55-64,Asian,Yes,No,Fair,5,No,No,No,38,22/09/24,Phoenix,AZ,USA,None,Diabetes
919,Yes,32.5,Yes,Yes,No,20,17,No,Female,18-24,Black,Yes,No,Poor,5,No,Yes,No,29,25/09/24,Chicago,TX,USA,None,None
920,No,19,No,Yes,No,2,3,No,Male,18-24,Hispanic,No,No,Good,4,Yes,Yes,No,66,16/10/24,Los Angeles,IL,USA,Medication B,No prior conditions
921,Yes,25.7,Yes,No,No,24,27,No,Female,65+,Black,Yes,No,Fair,8,Yes,Yes,Yes,28,23/09/24,Chicago,CA,USA,None,No prior conditions
922,No,18.6,No,No,No,1,2,Yes,Female,65+,Black,No,Yes,Excellent,7,Yes,Yes,Yes,39,03/10/24,Chicago,CA,USA,Medication C,None
923,Yes,30,Yes,Yes,Yes,13,6,No,Male,25-34,Hispanic,Yes,No,Excellent,4,Yes,No,Yes,33,15/10/24,New York,AZ,USA,Medication B,None
924,No,20.9,No,Yes,Yes,0,3,No,Female,45-54,Hispanic,No,Yes,Excellent,6,Yes,Yes,Yes,23,16/10/24,Los Angeles,IL,USA,Medication A,Hypertension
925,No,22.9,No,Yes,Yes,2,4,Yes,Male,18-24,Hispanic,No,No,Fair,4,No,No,Yes,82,05/10/24,New York,CA,USA,Medication C,None
926,Yes,31.2,Yes,No,Yes,6,19,Yes,Female,18-24,Black,No,No,Good,4,No,No,Yes,39,24/09/24,New York,CA,USA,Medication C,Diabetes
927,Yes,38.7,Yes,Yes,Yes,27,30,No,Female,25-34,White,Yes,Yes,Good,7,No,No,No,42,05/10/24,Los Angeles,IL,USA,Medication C,No prior conditions
928,No,20.6,No,No,Yes,0,1,Yes,Male,25-34,Black,No,Yes,Fair,7,Yes,Yes,No,73,22/09/24,Los Angeles,TX,USA,None,Hypertension
929,No,19.4,Yes,No,No,2,4,Yes,Female,25-34,Hispanic,No,Yes,Very good,8,No,Yes,Yes,37,20/10/24,Houston,CA,USA,Medication C,Hypertension
930,No,23.4,No,No,Yes,2,3,Yes,Male,25-34,Other,No,No,Excellent,5,Yes,Yes,No,18,29/09/24,Chicago,IL,USA,Medication C,No prior conditions
931,Yes,30.1,Yes,No,Yes,12,9,No,Female,55-64,Other,No,No,Poor,5,No,No,Yes,42,03/10/24,Phoenix,NY,USA,None,No prior conditions
932,Yes,34.1,Yes,Yes,No,13,14,No,Female,35-44,White,Yes,Yes,Good,7,No,No,No,20,04/10/24,Chicago,IL,USA,None,No prior conditions
933,No,24.5,No,Yes,No,4,0,Yes,Male,35-44,Black,No,No,Poor,4,Yes,Yes,Yes,76,22/09/24,New York,AZ,USA,Medication B,Hypertension
934,No,21.8,No,No,No,3,0,Yes,Male,45-54,Black,No,Yes,Good,8,Yes,Yes,Yes,25,15/10/24,New York,CA,USA,Medication C,None
935,No,19.2,No,Yes,No,4,4,No,Male,65+,Other,No,No,Poor,4,Yes,No,No,34,16/10/24,Los Angeles,CA,USA,Medication C,None
936,No,24.2,Yes,No,Yes,3,0,Yes,Female,65+,Black,No,Yes,Good,5,Yes,Yes,Yes,31,17/10/24,Houston,CA,USA,Medication C,None
937,No,21.5,No,Yes,No,4,2,No,Female,45-54,White,No,No,Fair,8,No,Yes,No,78,18/10/24,New York,IL,USA,Medication C,No prior conditions
938,Yes,38.7,Yes,Yes,Yes,18,28,No,Female,18-24,Hispanic,Yes,No,Fair,4,Yes,Yes,Yes,82,20/10/24,New York,CA,USA,Medication B,Hypertension
939,No,22.8,Yes,No,Yes,3,0,Yes,Female,55-64,Other,No,Yes,Fair,6,Yes,No,Yes,77,25/09/24,Chicago,NY,USA,Medication C,No prior conditions
940,No,19.2,Yes,No,No,0,0,No,Female,35-44,White,Yes,No,Fair,6,No,Yes,No,26,18/10/24,New York,CA,USA,Medication C,No prior conditions
941,Yes,26.5,Yes,Yes,No,15,30,No,Male,45-54,Other,Yes,Yes,Good,6,No,No,Yes,20,21/10/24,Chicago,NY,USA,Medication A,No prior conditions
942,Yes,34.8,Yes,Yes,No,24,8,No,Female,18-24,Black,No,No,Fair,4,No,Yes,No,26,16/10/24,Los Angeles,NY,USA,Medication C,Diabetes
943,Yes,32.3,Yes,No,Yes,5,28,No,Female,65+,Black,No,Yes,Excellent,6,Yes,No,No,53,14/10/24,Los Angeles,IL,USA,Medication A,Hypertension
944,No,22.7,No,No,No,2,3,Yes,Male,65+,Hispanic,Yes,No,Good,4,No,Yes,Yes,46,16/10/24,Chicago,AZ,USA,None,Hypertension
945,No,19.5,No,Yes,No,2,0,Yes,Female,65+,Asian,No,No,Excellent,8,No,No,No,64,23/09/24,Phoenix,TX,USA,Medication B,Diabetes
946,Yes,34.1,Yes,No,Yes,16,24,Yes,Male,45-54,Black,No,No,Good,4,Yes,Yes,Yes,46,21/10/24,Chicago,TX,USA,Medication B,Hypertension
947,Yes,27.3,Yes,No,No,27,19,No,Male,55-64,Asian,Yes,Yes,Poor,8,Yes,Yes,Yes,46,21/10/24,Houston,NY,USA,Medication C,None
948,No,18.6,No,Yes,Yes,1,2,Yes,Male,18-24,Hispanic,Yes,No,Very good,5,No,No,No,60,19/10/24,Phoenix,IL,USA,Medication C,Hypertension
949,No,21.6,No,No,Yes,3,4,No,Male,18-24,White,No,Yes,Fair,7,No,No,No,64,29/09/24,Chicago,IL,USA,None,No prior conditions
950,No,24.6,No,Yes,Yes,1,3,No,Female,25-34,Hispanic,No,No,Fair,7,No,Yes,No,71,05/10/24,New York,IL,USA,Medication C,No prior conditions
951,Yes,31.2,No,No,No,22,27,Yes,Female,55-64,White,No,No,Poor,5,No,Yes,Yes,49,09/10/24,Houston,TX,USA,Medication B,Diabetes
952,No,20.7,No,Yes,No,0,3,Yes,Male,18-24,Asian,No,No,Poor,5,Yes,Yes,No,36,07/10/24,Chicago,TX,USA,Medication C,No prior conditions
953,No,19.6,No,No,Yes,0,2,No,Female,25-34,Hispanic,No,No,Poor,8,No,No,No,24,08/10/24,New York,AZ,USA,None,Diabetes
954,No,23.5,No,No,No,3,0,Yes,Female,25-34,White,No,Yes,Excellent,7,Yes,No,Yes,63,09/10/24,Houston,IL,USA,Medication C,Hypertension
955,No,21.2,Yes,Yes,Yes,3,0,No,Female,55-64,Black,No,No,Very good,7,No,No,Yes,79,18/10/24,New York,TX,USA,Medication A,Diabetes
956,Yes,39.3,Yes,No,No,21,20,No,Male,45-54,Asian,Yes,Yes,Excellent,5,Yes,Yes,Yes,80,20/10/24,Houston,IL,USA,Medication B,Hypertension
957,Yes,28.2,No,Yes,No,27,19,Yes,Female,18-24,Hispanic,No,No,Very good,6,Yes,Yes,No,28,22/09/24,Los Angeles,TX,USA,Medication B,Hypertension
958,No,21,Yes,Yes,Yes,0,0,No,Female,35-44,Hispanic,No,Yes,Poor,7,No,Yes,Yes,25,21/10/24,Los Angeles,TX,USA,Medication B,No prior conditions
959,No,22.7,No,No,No,4,2,No,Female,65+,Other,No,Yes,Excellent,8,No,No,No,26,05/10/24,Houston,AZ,USA,Medication A,Diabetes
960,No,19.1,No,Yes,Yes,3,1,Yes,Female,18-24,Black,No,Yes,Poor,6,No,Yes,No,26,25/09/24,Phoenix,IL,USA,Medication C,Hypertension
961,Yes,32.9,No,No,Yes,15,23,No,Female,55-64,Black,Yes,No,Excellent,8,No,No,Yes,41,01/10/24,Phoenix,IL,USA,None,None
962,No,20.5,No,No,Yes,4,2,Yes,Female,35-44,Hispanic,No,No,Fair,7,Yes,Yes,Yes,60,02/10/24,New York,CA,USA,Medication B,Hypertension
963,No,19.7,No,No,Yes,0,2,No,Female,55-64,Other,No,Yes,Fair,4,Yes,Yes,No,25,30/09/24,Chicago,IL,USA,None,No prior conditions
964,Yes,31.3,No,No,No,17,8,No,Male,25-34,Other,No,Yes,Excellent,8,Yes,Yes,No,19,24/09/24,Phoenix,CA,USA,Medication B,No prior conditions
965,No,22.5,No,Yes,Yes,2,0,No,Female,45-54,Hispanic,No,Yes,Poor,6,No,No,No,58,04/10/24,Chicago,TX,USA,Medication C,None
966,Yes,31.6,No,Yes,Yes,15,12,No,Female,25-34,Black,No,No,Fair,7,No,Yes,No,76,22/09/24,New York,IL,USA,Medication A,None
967,No,22.7,Yes,Yes,Yes,0,1,Yes,Male,25-34,Black,Yes,No,Very good,6,No,Yes,No,54,26/09/24,Los Angeles,AZ,USA,Medication B,None
968,Yes,31.4,Yes,Yes,Yes,22,13,No,Female,55-64,Other,Yes,No,Fair,7,Yes,No,No,59,30/09/24,New York,TX,USA,Medication B,Hypertension
969,No,21.1,No,No,Yes,2,2,Yes,Female,18-24,Other,No,Yes,Fair,4,Yes,Yes,No,33,06/10/24,New York,IL,USA,Medication A,None
970,No,23.7,No,Yes,No,3,0,No,Female,65+,Asian,No,No,Very good,4,No,No,No,80,29/09/24,New York,TX,USA,Medication A,None
971,Yes,25.2,Yes,Yes,Yes,18,17,Yes,Male,65+,Hispanic,No,No,Good,8,No,No,Yes,66,09/10/24,Houston,TX,USA,None,Hypertension
972,No,23.4,Yes,No,No,1,1,Yes,Female,55-64,White,No,No,Fair,7,No,No,No,32,18/10/24,Chicago,AZ,USA,Medication B,Hypertension
973,Yes,38,No,No,No,15,6,No,Male,35-44,Hispanic,No,Yes,Poor,4,No,No,No,40,21/10/24,Phoenix,AZ,USA,Medication A,Hypertension
974,Yes,31.3,Yes,No,Yes,13,9,Yes,Female,35-44,Other,Yes,Yes,Very good,5,Yes,No,No,26,04/10/24,Los Angeles,TX,USA,Medication B,Hypertension
975,No,23.1,No,No,Yes,0,1,Yes,Male,55-64,White,Yes,Yes,Poor,7,No,No,Yes,53,19/10/24,Chicago,NY,USA,Medication A,None
976,No,20.5,No,No,Yes,4,4,Yes,Male,35-44,Hispanic,No,Yes,Poor,7,No,Yes,Yes,34,25/09/24,New York,TX,USA,None,Hypertension
977,Yes,36.4,Yes,No,No,15,29,No,Male,55-64,White,No,No,Poor,4,Yes,Yes,No,68,12/10/24,Los Angeles,CA,USA,Medication A,Hypertension
978,No,18.6,No,Yes,Yes,0,4,Yes,Male,45-54,Other,No,No,Excellent,7,Yes,Yes,No,35,15/10/24,Phoenix,IL,USA,None,None
979,Yes,38.1,Yes,No,No,7,11,Yes,Male,25-34,White,No,Yes,Excellent,5,No,No,No,45,10/10/24,New York,CA,USA,Medication C,None
980,No,18.6,Yes,No,No,3,0,Yes,Male,25-34,Black,No,Yes,Very good,8,Yes,Yes,No,73,09/10/24,New York,NY,USA,Medication C,No prior conditions
981,No,23.7,No,No,Yes,0,3,Yes,Male,55-64,White,No,No,Good,6,No,Yes,No,30,26/09/24,Chicago,CA,USA,Medication C,Diabetes
982,No,24.3,No,No,Yes,3,1,Yes,Female,35-44,Asian,No,Yes,Very good,5,Yes,Yes,No,35,19/10/24,Chicago,IL,USA,Medication B,No prior conditions
983,No,19.5,No,No,No,4,4,Yes,Male,35-44,Asian,No,Yes,Poor,6,No,Yes,No,56,12/10/24,Los Angeles,IL,USA,Medication C,None
984,Yes,34.2,Yes,Yes,Yes,25,13,No,Male,25-34,Hispanic,Yes,Yes,Very good,8,Yes,No,Yes,74,20/10/24,New York,IL,USA,None,Hypertension
985,Yes,28.8,No,No,Yes,11,29,Yes,Male,35-44,Asian,Yes,No,Excellent,7,No,Yes,No,46,22/09/24,Los Angeles,NY,USA,Medication C,None
986,Yes,26.4,Yes,No,No,21,10,No,Male,35-44,Hispanic,No,No,Very good,6,Yes,No,No,44,28/09/24,Houston,AZ,USA,Medication C,None
987,Yes,32.3,Yes,Yes,Yes,23,18,Yes,Male,45-54,Asian,No,No,Excellent,6,Yes,Yes,No,57,14/10/24,New York,NY,USA,None,No prior conditions
988,Yes,34.8,No,Yes,No,8,10,Yes,Male,18-24,Asian,Yes,Yes,Excellent,7,No,No,Yes,24,23/09/24,Phoenix,AZ,USA,Medication B,Hypertension
989,Yes,34.3,No,No,Yes,22,10,No,Male,65+,Other,Yes,No,Poor,5,Yes,Yes,Yes,77,04/10/24,Phoenix,IL,USA,Medication B,None
990,Yes,26.3,Yes,No,No,13,25,No,Female,35-44,Other,Yes,Yes,Poor,6,No,No,Yes,43,12/10/24,Chicago,AZ,USA,Medication A,Diabetes
991,Yes,27.7,Yes,No,Yes,27,8,No,Male,45-54,Asian,No,Yes,Fair,6,Yes,Yes,No,75,22/09/24,New York,IL,USA,Medication B,No prior conditions
992,Yes,39.1,Yes,Yes,No,30,22,No,Male,18-24,Asian,Yes,Yes,Fair,7,No,No,Yes,60,11/10/24,New York,AZ,USA,Medication A,No prior conditions
993,No,19.4,Yes,Yes,Yes,3,3,No,Female,45-54,Hispanic,No,No,Poor,8,No,No,Yes,57,01/10/24,Phoenix,NY,USA,Medication A,No prior conditions
994,No,18.8,No,No,No,1,1,Yes,Female,55-64,Other,No,No,Poor,8,No,Yes,No,67,14/10/24,Chicago,IL,USA,Medication C,Hypertension
995,Yes,38.1,Yes,No,No,5,16,No,Male,65+,Hispanic,Yes,No,Excellent,5,No,Yes,No,75,01/10/24,Phoenix,CA,USA,Medication C,Hypertension
996,Yes,35.4,No,Yes,No,11,25,Yes,Male,65+,Hispanic,No,No,Poor,8,No,Yes,No,55,19/10/24,New York,TX,USA,None,Hypertension
997,Yes,25.9,Yes,Yes,Yes,11,30,Yes,Male,55-64,Other,Yes,Yes,Good,8,Yes,No,No,22,03/10/24,Los Angeles,AZ,USA,Medication C,Hypertension
998,No,22.1,No,No,Yes,4,3,No,Male,45-54,Other,No,No,Very good,8,Yes,Yes,Yes,37,05/10/24,Chicago,CA,USA,None,Hypertension
999,No,23.8,No,No,No,2,2,No,Male,25-34,Other,No,No,Poor,4,Yes,No,Yes,63,27/09/24,Phoenix,IL,USA,Medication A,Hypertension
1000,Yes,30.1,Yes,No,Yes,23,24,Yes,Male,25-34,Other,No,Yes,Excellent,8,Yes,No,No,74,20/10/24,Phoenix,IL,USA,Medication B,No prior conditions
