patientid,gender,agecategory
1000,female,25-29
1000,female,45-49
1000,male,25-29
1000,male,40-44
1000,male,45-49
1001,male,45-49
1001,male,55-59
1002,female,25-29
1002,female,80 or older
1002,male,70-74
1003,female,18-24
1003,female,60-64
1003,male,75-79
1004,female,30-34
1004,female,35-39
1004,female,65-69
1004,male,55-59
1004,male,65-69
1005,female,40-44
1005,female,80 or older
1005,male,30-34
1005,male,45-49
1006,female,18-24
1006,female,40-44
1006,female,70-74
1006,male,55-59
1007,female,18-24
1007,female,70-74
1007,female,80 or older
1007,male,45-49
1007,male,60-64
1008,male,40-44
1009,female,60-64
1009,male,70-74
1010,female,18-24
1010,female,35-39
1010,female,70-74
1010,female,75-79
1010,male,55-59
1011,female,35-39
1011,female,40-44
1011,male,30-34
1011,male,35-39
1011,male,60-64
1011,male,65-69
1012,female,55-59
1012,male,18-24
1012,male,40-44
1013,female,45-49
1013,female,50-54
1013,female,65-69
1013,female,75-79
1013,male,65-69
1013,male,75-79
1014,male,65-69
1014,male,70-74
1015,female,40-44
1015,male,50-54
1015,male,60-64
1016,female,18-24
1016,female,25-29
1016,female,80 or older
1016,male,25-29
1016,male,75-79
1016,male,80 or older
1017,female,30-34
1017,female,40-44
1017,male,18-24
1017,male,70-74
1018,female,18-24
1018,female,35-39
1018,female,45-49
1018,female,70-74
1018,male,70-74
1018,male,80 or older
1019,female,60-64
1019,male,25-29
1019,male,55-59
1020,female,18-24
1020,female,30-34
1020,female,60-64
1020,female,65-69
1020,male,35-39
1020,male,50-54
1021,female,18-24
1021,female,50-54
1021,female,70-74
1021,male,30-34
1021,male,55-59
1021,male,70-74
