patientid,gender,agecategory
1000,female,18-24
1000,female,50-54
1000,female,70-74
1000,female,80 or older
1000,male,65-69
1001,female,55-59
1001,male,18-24
1001,male,50-54
1001,male,65-69
1001,male,75-79
1002,female,65-69
1002,male,18-24
1002,male,60-64
1002,male,65-69
1003,female,65-69
1003,male,35-39
1003,male,40-44
1004,male,18-24
1004,male,25-29
1005,male,75-79
1006,female,45-49
1006,male,40-44
1006,male,45-49
1006,male,65-69
1006,male,80 or older
1007,female,35-39
1007,female,50-54
1007,male,18-24
1007,male,35-39
1007,male,75-79
1008,female,18-24
1008,female,45-49
1008,female,55-59
1008,female,75-79
1009,female,45-49
1009,male,30-34
1009,male,45-49
1009,male,50-54
1009,male,55-59
1010,female,25-29
1010,female,80 or older
1010,male,70-74
1011,female,70-74
1011,male,80 or older
1012,female,30-34
1012,male,50-54
1013,female,55-59
1013,male,35-39
1014,male,18-24
1014,male,35-39
1014,male,40-44
1015,female,30-34
1015,female,60-64
1015,female,65-69
1015,female,70-74
1015,male,35-39
1015,male,55-59
1015,male,75-79
1015,male,80 or older
1016,female,30-34
1016,female,45-49
1016,female,55-59
1016,female,75-79
1016,male,18-24
1016,male,40-44
1016,male,45-49
1017,female,75-79
1017,male,30-34
1018,female,55-59
1018,male,35-39
1019,female,18-24
1019,female,45-49
1019,female,70-74
1019,male,35-39
1019,male,75-79
1020,female,35-39
1020,female,55-59
1020,female,70-74
1020,male,25-29
1020,male,40-44
1021,female,75-79
1021,male,25-29
1021,male,35-39
1021,male,80 or older
